iteration,epoch,minibatch,cost,mode_prime,trip_purp,trip_km
2185,1.0,2185.0,35.40412,0.368,0.584,29.971
4371,1.0,4371.0,31.96758,0.368,0.584,16.168
6557,1.0,6557.0,30.45281,0.368,0.584,12.626
8743,1.0,8743.0,29.62254,0.368,0.584,11.418
10929,1.0,10929.0,29.10648,0.368,0.584,10.952
13115,1.0,13115.0,28.77018,0.368,0.584,10.746
15301,1.0,15301.0,28.51662,0.368,0.584,10.647
17487,1.0,17487.0,28.33025,0.368,0.584,10.601
19673,1.0,19673.0,28.17748,0.368,0.584,10.572
21859,1.0,21859.0,28.0582,0.368,0.584,10.561
24045,2.0,2176.0,26.98071,0.368,0.584,10.554
26231,2.0,4362.0,26.96759,0.368,0.584,10.551
28417,2.0,6548.0,26.96537,0.368,0.584,10.549
30603,2.0,8734.0,26.95987,0.368,0.584,10.547
32789,2.0,10920.0,26.94749,0.368,0.584,10.547
34975,2.0,13106.0,26.95808,0.368,0.584,10.547
37161,2.0,15292.0,26.95704,0.368,0.584,10.546
39347,2.0,17478.0,26.95744,0.368,0.584,10.546
41533,2.0,19664.0,26.95323,0.368,0.584,10.546
43719,2.0,21850.0,26.95512,0.368,0.584,10.546
45905,3.0,2167.0,26.96682,0.368,0.584,10.546
48091,3.0,4353.0,26.95736,0.368,0.584,10.546
50277,3.0,6539.0,26.95518,0.368,0.584,10.546
52463,3.0,8725.0,26.94693,0.368,0.584,10.546
54649,3.0,10911.0,26.94139,0.368,0.584,10.546
56835,3.0,13097.0,26.94827,0.368,0.584,10.546
59021,3.0,15283.0,26.94452,0.368,0.584,10.546
61207,3.0,17469.0,26.94379,0.368,0.584,10.546
63393,3.0,19655.0,26.94148,0.368,0.584,10.546
65579,3.0,21841.0,26.9439,0.368,0.584,10.546
67765,4.0,2158.0,26.95292,0.368,0.584,10.546
69951,4.0,4344.0,26.95208,0.368,0.584,10.546
72137,4.0,6530.0,26.95179,0.368,0.584,10.546
74323,4.0,8716.0,26.93768,0.368,0.584,10.546
76509,4.0,10902.0,26.92545,0.368,0.584,10.546
78695,4.0,13088.0,26.93237,0.368,0.584,10.546
80881,4.0,15274.0,26.92986,0.368,0.584,10.546
83067,4.0,17460.0,26.93166,0.368,0.584,10.546
85253,4.0,19646.0,26.92848,0.368,0.584,10.546
87439,4.0,21832.0,26.93091,0.368,0.584,10.546
89625,5.0,2149.0,26.94025,0.368,0.584,10.546
91811,5.0,4335.0,26.95559,0.368,0.584,10.546
93997,5.0,6521.0,26.94368,0.368,0.584,10.546
96183,5.0,8707.0,26.93707,0.368,0.584,10.546
98369,5.0,10893.0,26.93255,0.368,0.584,10.546
100555,5.0,13079.0,26.94488,0.368,0.584,10.546
102741,5.0,15265.0,26.9442,0.368,0.584,10.546
104927,5.0,17451.0,26.94262,0.368,0.584,10.546
107113,5.0,19637.0,26.93979,0.368,0.584,10.546
109299,5.0,21823.0,26.93783,0.368,0.584,10.546
111485,6.0,2140.0,26.9591,0.368,0.584,10.546
113671,6.0,4326.0,26.95989,0.368,0.584,10.546
115857,6.0,6512.0,26.95057,0.368,0.584,10.546
118043,6.0,8698.0,26.94598,0.368,0.584,10.546
120229,6.0,10884.0,26.93298,0.368,0.584,10.546
122415,6.0,13070.0,26.94448,0.368,0.584,10.546
124601,6.0,15256.0,26.94375,0.368,0.584,10.546
126787,6.0,17442.0,26.94573,0.368,0.584,10.546
128973,6.0,19628.0,26.93933,0.368,0.584,10.546
131159,6.0,21814.0,26.93824,0.368,0.584,10.546
133345,7.0,2131.0,26.94022,0.368,0.584,10.546
135531,7.0,4317.0,26.95854,0.368,0.584,10.546
137717,7.0,6503.0,26.95209,0.368,0.584,10.546
139903,7.0,8689.0,26.94074,0.368,0.584,10.546
142089,7.0,10875.0,26.93038,0.368,0.584,10.546
144275,7.0,13061.0,26.93379,0.368,0.584,10.546
146461,7.0,15247.0,26.93577,0.368,0.584,10.546
148647,7.0,17433.0,26.93689,0.368,0.584,10.546
150833,7.0,19619.0,26.93222,0.368,0.584,10.546
153019,7.0,21805.0,26.9339,0.368,0.584,10.546
155205,8.0,2122.0,26.94594,0.368,0.584,10.546
157391,8.0,4308.0,26.9428,0.368,0.584,10.546
159577,8.0,6494.0,26.93172,0.368,0.584,10.546
161763,8.0,8680.0,26.92035,0.368,0.584,10.546
163949,8.0,10866.0,26.91467,0.368,0.584,10.546
166135,8.0,13052.0,26.92732,0.368,0.584,10.546
168321,8.0,15238.0,26.92664,0.368,0.584,10.546
170507,8.0,17424.0,26.92902,0.368,0.584,10.546
172693,8.0,19610.0,26.92515,0.368,0.584,10.546
174879,8.0,21796.0,26.92603,0.368,0.584,10.546
177065,9.0,2113.0,26.96487,0.368,0.584,10.546
179251,9.0,4299.0,26.94913,0.368,0.584,10.546
181437,9.0,6485.0,26.94411,0.368,0.584,10.546
183623,9.0,8671.0,26.93943,0.368,0.584,10.546
185809,9.0,10857.0,26.93188,0.368,0.584,10.546
187995,9.0,13043.0,26.93918,0.368,0.584,10.546
190181,9.0,15229.0,26.93675,0.368,0.584,10.546
192367,9.0,17415.0,26.93789,0.368,0.584,10.546
194553,9.0,19601.0,26.93397,0.368,0.584,10.546
196739,9.0,21787.0,26.93369,0.368,0.584,10.546
198925,10.0,2104.0,26.93533,0.368,0.584,10.546
201111,10.0,4290.0,26.92725,0.368,0.584,10.546
203297,10.0,6476.0,26.92512,0.368,0.584,10.546
205483,10.0,8662.0,26.92019,0.368,0.584,10.546
207669,10.0,10848.0,26.91698,0.368,0.584,10.546
209855,10.0,13034.0,26.92307,0.368,0.584,10.546
212041,10.0,15220.0,26.92377,0.368,0.584,10.546
214227,10.0,17406.0,26.92377,0.368,0.584,10.546
216413,10.0,19592.0,26.9205,0.368,0.584,10.546
218599,10.0,21778.0,26.92114,0.368,0.584,10.546
220785,11.0,2095.0,26.91884,0.368,0.584,10.546
222971,11.0,4281.0,26.93264,0.368,0.584,10.546
225157,11.0,6467.0,26.93979,0.368,0.584,10.546
227343,11.0,8653.0,26.93635,0.368,0.584,10.546
229529,11.0,10839.0,26.92929,0.368,0.584,10.546
231715,11.0,13025.0,26.9377,0.368,0.584,10.546
233901,11.0,15211.0,26.93478,0.368,0.584,10.546
236087,11.0,17397.0,26.93745,0.368,0.584,10.546
238273,11.0,19583.0,26.93287,0.368,0.584,10.546
240459,11.0,21769.0,26.9337,0.368,0.584,10.546
242645,12.0,2086.0,26.95017,0.368,0.584,10.546
244831,12.0,4272.0,26.95042,0.368,0.584,10.546
247017,12.0,6458.0,26.95399,0.368,0.584,10.546
249203,12.0,8644.0,26.94251,0.368,0.584,10.546
251389,12.0,10830.0,26.92892,0.368,0.584,10.546
253575,12.0,13016.0,26.93755,0.368,0.584,10.546
255761,12.0,15202.0,26.93456,0.368,0.584,10.546
257947,12.0,17388.0,26.936,0.368,0.584,10.546
260133,12.0,19574.0,26.93132,0.368,0.584,10.546
262319,12.0,21760.0,26.9312,0.368,0.584,10.546
264505,13.0,2077.0,26.94373,0.368,0.584,10.546
266691,13.0,4263.0,26.95,0.368,0.584,10.546
268877,13.0,6449.0,26.94052,0.368,0.584,10.546
271063,13.0,8635.0,26.937,0.368,0.584,10.546
273249,13.0,10821.0,26.92258,0.368,0.584,10.546
275435,13.0,13007.0,26.92908,0.368,0.584,10.546
277621,13.0,15193.0,26.92886,0.368,0.584,10.546
279807,13.0,17379.0,26.93057,0.368,0.584,10.546
281993,13.0,19565.0,26.92599,0.368,0.584,10.546
284179,13.0,21751.0,26.92657,0.368,0.584,10.546
286365,14.0,2068.0,26.90993,0.368,0.584,10.546
288551,14.0,4254.0,26.91733,0.368,0.584,10.546
290737,14.0,6440.0,26.91311,0.368,0.584,10.546
292923,14.0,8626.0,26.91213,0.368,0.584,10.546
295109,14.0,10812.0,26.90748,0.368,0.584,10.546
297295,14.0,12998.0,26.91662,0.368,0.584,10.546
299481,14.0,15184.0,26.91632,0.368,0.584,10.546
301667,14.0,17370.0,26.91813,0.368,0.584,10.546
303853,14.0,19556.0,26.91586,0.368,0.584,10.546
306039,14.0,21742.0,26.91651,0.368,0.584,10.546
308225,15.0,2059.0,26.92596,0.368,0.584,10.546
310411,15.0,4245.0,26.92941,0.368,0.584,10.546
312597,15.0,6431.0,26.92682,0.368,0.584,10.546
314783,15.0,8617.0,26.92317,0.368,0.584,10.547
316969,15.0,10803.0,26.91214,0.368,0.584,10.547
319155,15.0,12989.0,26.92008,0.368,0.584,10.546
321341,15.0,15175.0,26.92192,0.368,0.584,10.546
323527,15.0,17361.0,26.9232,0.368,0.584,10.547
325713,15.0,19547.0,26.91969,0.368,0.584,10.547
327899,15.0,21733.0,26.92007,0.368,0.584,10.547
330085,16.0,2050.0,26.92446,0.368,0.584,10.547
332271,16.0,4236.0,26.93205,0.368,0.584,10.547
334457,16.0,6422.0,26.927,0.368,0.584,10.547
336643,16.0,8608.0,26.9192,0.368,0.584,10.547
338829,16.0,10794.0,26.90796,0.368,0.584,10.547
341015,16.0,12980.0,26.91903,0.368,0.584,10.547
343201,16.0,15166.0,26.91898,0.368,0.584,10.547
345387,16.0,17352.0,26.91935,0.368,0.584,10.547
347573,16.0,19538.0,26.91879,0.368,0.584,10.547
349759,16.0,21724.0,26.9194,0.368,0.584,10.547
351945,17.0,2041.0,26.92854,0.368,0.584,10.547
354131,17.0,4227.0,26.93687,0.368,0.584,10.547
356317,17.0,6413.0,26.93894,0.368,0.584,10.547
358503,17.0,8599.0,26.92929,0.368,0.584,10.547
360689,17.0,10785.0,26.91928,0.368,0.584,10.547
362875,17.0,12971.0,26.92596,0.368,0.584,10.547
365061,17.0,15157.0,26.92378,0.368,0.584,10.547
367247,17.0,17343.0,26.9261,0.368,0.584,10.547
369433,17.0,19529.0,26.92153,0.368,0.584,10.547
371619,17.0,21715.0,26.92388,0.368,0.584,10.547
373805,18.0,2032.0,26.93627,0.368,0.584,10.547
375991,18.0,4218.0,26.93288,0.368,0.584,10.547
378177,18.0,6404.0,26.92676,0.368,0.584,10.547
380363,18.0,8590.0,26.92009,0.368,0.584,10.547
382549,18.0,10776.0,26.91306,0.368,0.584,10.547
384735,18.0,12962.0,26.92234,0.368,0.584,10.547
386921,18.0,15148.0,26.92241,0.368,0.584,10.547
389107,18.0,17334.0,26.92313,0.368,0.584,10.547
391293,18.0,19520.0,26.92141,0.368,0.584,10.547
393479,18.0,21706.0,26.92207,0.368,0.584,10.547
395665,19.0,2023.0,26.94392,0.368,0.584,10.547
397851,19.0,4209.0,26.9301,0.368,0.584,10.547
400037,19.0,6395.0,26.92859,0.368,0.584,10.547
402223,19.0,8581.0,26.92771,0.368,0.584,10.547
404409,19.0,10767.0,26.92043,0.368,0.584,10.547
406595,19.0,12953.0,26.92489,0.368,0.584,10.547
408781,19.0,15139.0,26.92671,0.368,0.584,10.547
410967,19.0,17325.0,26.92936,0.368,0.584,10.547
413153,19.0,19511.0,26.92794,0.368,0.584,10.547
415339,19.0,21697.0,26.9277,0.368,0.584,10.547
417525,20.0,2014.0,26.95412,0.368,0.584,10.548
419711,20.0,4200.0,26.93714,0.368,0.584,10.547
421897,20.0,6386.0,26.93694,0.368,0.584,10.548
424083,20.0,8572.0,26.93484,0.368,0.584,10.548
426269,20.0,10758.0,26.92787,0.368,0.584,10.548
428455,20.0,12944.0,26.93281,0.368,0.584,10.548
430641,20.0,15130.0,26.93068,0.368,0.584,10.548
432827,20.0,17316.0,26.93107,0.368,0.584,10.548
435013,20.0,19502.0,26.92836,0.368,0.584,10.548
437199,20.0,21688.0,26.92898,0.368,0.584,10.548
439385,21.0,2005.0,26.9216,0.368,0.584,10.548
441571,21.0,4191.0,26.92388,0.368,0.584,10.548
443757,21.0,6377.0,26.9215,0.368,0.584,10.548
445943,21.0,8563.0,26.9158,0.368,0.584,10.549
448129,21.0,10749.0,26.9074,0.368,0.584,10.549
450315,21.0,12935.0,26.92002,0.368,0.584,10.549
452501,21.0,15121.0,26.91909,0.368,0.584,10.549
454687,21.0,17307.0,26.92076,0.368,0.584,10.549
456873,21.0,19493.0,26.91803,0.368,0.584,10.549
459059,21.0,21679.0,26.91766,0.368,0.584,10.549
461245,22.0,1996.0,26.90798,0.368,0.584,10.549
463431,22.0,4182.0,26.92116,0.368,0.584,10.549
465617,22.0,6368.0,26.92741,0.368,0.584,10.549
467803,22.0,8554.0,26.91858,0.368,0.584,10.55
469989,22.0,10740.0,26.90986,0.368,0.584,10.55
472175,22.0,12926.0,26.91597,0.368,0.584,10.55
474361,22.0,15112.0,26.91853,0.368,0.584,10.55
476547,22.0,17298.0,26.91857,0.368,0.584,10.551
478733,22.0,19484.0,26.91663,0.368,0.584,10.551
480919,22.0,21670.0,26.9196,0.368,0.584,10.551
483105,23.0,1987.0,26.92005,0.368,0.584,10.551
485291,23.0,4173.0,26.91115,0.368,0.584,10.551
487477,23.0,6359.0,26.91845,0.368,0.584,10.552
489663,23.0,8545.0,26.91876,0.368,0.584,10.552
491849,23.0,10731.0,26.90828,0.368,0.584,10.553
494035,23.0,12917.0,26.91418,0.368,0.584,10.553
496221,23.0,15103.0,26.91589,0.368,0.584,10.553
498407,23.0,17289.0,26.91593,0.368,0.584,10.554
500593,23.0,19475.0,26.91135,0.368,0.584,10.554
502779,23.0,21661.0,26.91167,0.368,0.584,10.555
504965,24.0,1978.0,26.9378,0.368,0.584,10.556
507151,24.0,4164.0,26.92843,0.368,0.584,10.556
509337,24.0,6350.0,26.92588,0.368,0.584,10.557
511523,24.0,8536.0,26.91877,0.368,0.584,10.559
513709,24.0,10722.0,26.90712,0.368,0.584,10.559
515895,24.0,12908.0,26.90904,0.368,0.584,10.56
518081,24.0,15094.0,26.90775,0.368,0.584,10.561
520267,24.0,17280.0,26.90695,0.368,0.584,10.563
522453,24.0,19466.0,26.90161,0.368,0.584,10.564
524639,24.0,21652.0,26.90185,0.368,0.584,10.565
526825,25.0,1969.0,26.89883,0.368,0.584,10.568
529011,25.0,4155.0,26.88891,0.368,0.584,10.569
531197,25.0,6341.0,26.89186,0.368,0.584,10.572
533383,25.0,8527.0,26.89061,0.368,0.584,10.575
535569,25.0,10713.0,26.88338,0.368,0.584,10.578
537755,25.0,12899.0,26.88782,0.368,0.584,10.581
539941,25.0,15085.0,26.88878,0.368,0.584,10.586
542127,25.0,17271.0,26.88702,0.368,0.584,10.591
544313,25.0,19457.0,26.88181,0.368,0.584,10.598
546499,25.0,21643.0,26.87887,0.368,0.584,10.605
548685,26.0,1960.0,26.84047,0.368,0.584,10.614
550871,26.0,4146.0,26.82521,0.368,0.584,10.623
553057,26.0,6332.0,26.82296,0.368,0.584,10.636
555243,26.0,8518.0,26.8117,0.368,0.584,10.65
557429,26.0,10704.0,26.79755,0.368,0.584,10.667
559615,26.0,12890.0,26.79386,0.368,0.584,10.683
561801,26.0,15076.0,26.78659,0.368,0.584,10.702
563987,26.0,17262.0,26.77853,0.368,0.584,10.721
566173,26.0,19448.0,26.76762,0.368,0.584,10.737
568359,26.0,21634.0,26.75836,0.368,0.584,10.751
570545,27.0,1951.0,26.66609,0.368,0.584,10.763
572731,27.0,4137.0,26.65756,0.368,0.584,10.774
574917,27.0,6323.0,26.65217,0.368,0.584,10.788
577103,27.0,8509.0,26.63244,0.368,0.584,10.803
579289,27.0,10695.0,26.61593,0.368,0.584,10.825
581475,27.0,12881.0,26.61103,0.368,0.584,10.855
583661,27.0,15067.0,26.59235,0.368,0.584,10.897
585847,27.0,17253.0,26.57479,0.368,0.584,10.947
588033,27.0,19439.0,26.54966,0.368,0.584,10.999
590219,27.0,21625.0,26.5246,0.32,0.584,11.055
592405,28.0,1942.0,26.19083,0.302,0.584,11.105
594591,28.0,4128.0,26.16454,0.288,0.584,11.139
596777,28.0,6314.0,26.13663,0.275,0.584,11.157
598963,28.0,8500.0,26.09155,0.268,0.584,11.158
601149,28.0,10686.0,26.05624,0.264,0.584,11.149
603335,28.0,12872.0,26.02895,0.262,0.584,11.131
605521,28.0,15058.0,25.99912,0.26,0.584,11.115
607707,28.0,17244.0,25.97732,0.26,0.584,11.097
609893,28.0,19430.0,25.94918,0.259,0.584,11.074
612079,28.0,21616.0,25.92628,0.258,0.584,11.055
614265,29.0,1933.0,25.65042,0.258,0.584,11.038
616451,29.0,4119.0,25.64595,0.258,0.584,11.014
618637,29.0,6305.0,25.63706,0.257,0.584,10.995
620823,29.0,8491.0,25.60974,0.257,0.584,10.979
623009,29.0,10677.0,25.58817,0.257,0.584,10.96
625195,29.0,12863.0,25.57952,0.257,0.584,10.94
627381,29.0,15049.0,25.56401,0.257,0.584,10.923
629567,29.0,17235.0,25.55607,0.257,0.584,10.91
631753,29.0,19421.0,25.54045,0.257,0.584,10.893
633939,29.0,21607.0,25.52926,0.257,0.584,10.879
636125,30.0,1924.0,25.40755,0.257,0.584,10.867
638311,30.0,4110.0,25.40162,0.257,0.584,10.853
640497,30.0,6296.0,25.39489,0.257,0.584,10.84
642683,30.0,8482.0,25.37522,0.257,0.584,10.829
644869,30.0,10668.0,25.35991,0.257,0.584,10.817
647055,30.0,12854.0,25.35455,0.257,0.584,10.803
649241,30.0,15040.0,25.34403,0.257,0.584,10.793
651427,30.0,17226.0,25.33777,0.256,0.584,10.783
653613,30.0,19412.0,25.327,0.256,0.584,10.772
655799,30.0,21598.0,25.31779,0.256,0.584,10.762
657985,31.0,1915.0,25.21919,0.257,0.584,10.754
660171,31.0,4101.0,25.24839,0.256,0.584,10.743
662357,31.0,6287.0,25.24092,0.256,0.584,10.734
664543,31.0,8473.0,25.235,0.256,0.584,10.726
666729,31.0,10659.0,25.22384,0.256,0.584,10.717
668915,31.0,12845.0,25.22341,0.256,0.584,10.708
671101,31.0,15031.0,25.21829,0.256,0.584,10.701
673287,31.0,17217.0,25.21808,0.256,0.584,10.693
675473,31.0,19403.0,25.21488,0.256,0.584,10.683
677659,31.0,21589.0,25.21074,0.256,0.584,10.676
679845,32.0,1906.0,25.18992,0.256,0.584,10.67
682031,32.0,4092.0,25.19673,0.256,0.584,10.662
684217,32.0,6278.0,25.18383,0.256,0.584,10.655
686403,32.0,8464.0,25.17445,0.256,0.584,10.648
688589,32.0,10650.0,25.16851,0.256,0.584,10.641
690775,32.0,12836.0,25.17238,0.256,0.584,10.634
692961,32.0,15022.0,25.17067,0.256,0.584,10.628
695147,32.0,17208.0,25.17118,0.256,0.584,10.624
697333,32.0,19394.0,25.16884,0.256,0.584,10.617
699519,32.0,21580.0,25.16756,0.256,0.584,10.611
701705,33.0,1897.0,25.17167,0.255,0.584,10.607
703891,33.0,4083.0,25.19244,0.255,0.584,10.601
706077,33.0,6269.0,25.17624,0.255,0.584,10.596
708263,33.0,8455.0,25.16683,0.255,0.584,10.592
710449,33.0,10641.0,25.16167,0.255,0.584,10.586
712635,33.0,12827.0,25.16605,0.255,0.584,10.581
714821,33.0,15013.0,25.16266,0.255,0.584,10.577
717007,33.0,17199.0,25.16529,0.255,0.584,10.573
719193,33.0,19385.0,25.16411,0.255,0.584,10.568
721379,33.0,21571.0,25.16509,0.255,0.584,10.564
723565,34.0,1888.0,25.15604,0.255,0.584,10.561
725751,34.0,4074.0,25.1805,0.255,0.584,10.556
727937,34.0,6260.0,25.17577,0.254,0.584,10.553
730123,34.0,8446.0,25.17294,0.254,0.584,10.549
732309,34.0,10632.0,25.16931,0.254,0.584,10.546
734495,34.0,12818.0,25.17285,0.254,0.584,10.543
736681,34.0,15004.0,25.17046,0.254,0.584,10.54
738867,34.0,17190.0,25.17252,0.254,0.584,10.538
741053,34.0,19376.0,25.17143,0.254,0.584,10.534
743239,34.0,21562.0,25.17113,0.254,0.584,10.532
745425,35.0,1879.0,25.16282,0.254,0.584,10.529
747611,35.0,4065.0,25.18995,0.254,0.584,10.527
749797,35.0,6251.0,25.1859,0.254,0.584,10.525
751983,35.0,8437.0,25.18135,0.254,0.584,10.523
754169,35.0,10623.0,25.17819,0.254,0.584,10.52
756355,35.0,12809.0,25.17859,0.253,0.584,10.518
758541,35.0,14995.0,25.17141,0.253,0.584,10.517
760727,35.0,17181.0,25.17568,0.253,0.584,10.515
762913,35.0,19367.0,25.17641,0.253,0.584,10.513
765099,35.0,21553.0,25.17552,0.253,0.584,10.512
767285,36.0,1870.0,25.18726,0.253,0.584,10.511
769471,36.0,4056.0,25.20153,0.253,0.584,10.509
771657,36.0,6242.0,25.18753,0.253,0.584,10.508
773843,36.0,8428.0,25.18011,0.253,0.584,10.507
776029,36.0,10614.0,25.16939,0.253,0.584,10.506
778215,36.0,12800.0,25.17147,0.253,0.584,10.505
780401,36.0,14986.0,25.16724,0.253,0.584,10.504
782587,36.0,17172.0,25.17038,0.253,0.584,10.503
784773,36.0,19358.0,25.16592,0.253,0.584,10.502
786959,36.0,21544.0,25.1667,0.253,0.584,10.501
789145,37.0,1861.0,25.13052,0.253,0.584,10.501
791331,37.0,4047.0,25.16324,0.253,0.584,10.5
793517,37.0,6233.0,25.16362,0.253,0.584,10.499
795703,37.0,8419.0,25.16023,0.253,0.584,10.499
797889,37.0,10605.0,25.15403,0.253,0.584,10.498
800075,37.0,12791.0,25.1555,0.253,0.584,10.497
802261,37.0,14977.0,25.15241,0.253,0.584,10.497
804447,37.0,17163.0,25.15402,0.253,0.584,10.497
806633,37.0,19349.0,25.15052,0.253,0.584,10.496
808819,37.0,21535.0,25.15077,0.253,0.584,10.495
811005,38.0,1852.0,25.12775,0.253,0.584,10.495
813191,38.0,4038.0,25.16974,0.253,0.584,10.495
815377,38.0,6224.0,25.16595,0.253,0.584,10.494
817563,38.0,8410.0,25.15518,0.253,0.584,10.494
819749,38.0,10596.0,25.14642,0.253,0.584,10.494
821935,38.0,12782.0,25.14201,0.253,0.584,10.493
824121,38.0,14968.0,25.14139,0.253,0.584,10.493
826307,38.0,17154.0,25.14282,0.253,0.584,10.493
828493,38.0,19340.0,25.13831,0.253,0.584,10.492
830679,38.0,21526.0,25.1366,0.253,0.584,10.492
832865,39.0,1843.0,25.11875,0.253,0.584,10.492
835051,39.0,4029.0,25.14303,0.253,0.584,10.491
837237,39.0,6215.0,25.14137,0.253,0.584,10.491
839423,39.0,8401.0,25.13279,0.253,0.584,10.491
841609,39.0,10587.0,25.1278,0.253,0.584,10.491
843795,39.0,12773.0,25.12978,0.253,0.584,10.49
845981,39.0,14959.0,25.12599,0.253,0.584,10.49
848167,39.0,17145.0,25.12825,0.253,0.584,10.49
850353,39.0,19331.0,25.12461,0.253,0.584,10.49
852539,39.0,21517.0,25.12198,0.253,0.584,10.49
854725,40.0,1834.0,25.10742,0.253,0.584,10.489
856911,40.0,4020.0,25.12205,0.253,0.584,10.489
859097,40.0,6206.0,25.11529,0.253,0.584,10.489
861283,40.0,8392.0,25.10767,0.253,0.584,10.489
863469,40.0,10578.0,25.10753,0.253,0.584,10.489
865655,40.0,12764.0,25.10504,0.253,0.584,10.488
867841,40.0,14950.0,25.09865,0.253,0.584,10.488
870027,40.0,17136.0,25.10219,0.253,0.584,10.488
872213,40.0,19322.0,25.09939,0.253,0.584,10.488
874399,40.0,21508.0,25.09923,0.253,0.584,10.488
876585,41.0,1825.0,25.07993,0.253,0.584,10.488
878771,41.0,4011.0,25.10939,0.253,0.584,10.488
880957,41.0,6197.0,25.1029,0.253,0.584,10.487
883143,41.0,8383.0,25.09874,0.253,0.584,10.487
885329,41.0,10569.0,25.09363,0.253,0.584,10.487
887515,41.0,12755.0,25.09234,0.253,0.584,10.487
889701,41.0,14941.0,25.08642,0.253,0.584,10.487
891887,41.0,17127.0,25.08776,0.253,0.584,10.487
894073,41.0,19313.0,25.08254,0.253,0.584,10.487
896259,41.0,21499.0,25.08207,0.253,0.584,10.487
898445,42.0,1816.0,25.05305,0.253,0.584,10.487
900631,42.0,4002.0,25.08125,0.253,0.584,10.486
902817,42.0,6188.0,25.07206,0.253,0.584,10.486
905003,42.0,8374.0,25.07099,0.253,0.584,10.486
907189,42.0,10560.0,25.06776,0.253,0.584,10.486
909375,42.0,12746.0,25.06775,0.253,0.584,10.486
911561,42.0,14932.0,25.06614,0.253,0.584,10.486
913747,42.0,17118.0,25.06761,0.253,0.584,10.486
915933,42.0,19304.0,25.06251,0.253,0.584,10.486
918119,42.0,21490.0,25.06413,0.253,0.584,10.486
920305,43.0,1807.0,25.04478,0.253,0.584,10.486
922491,43.0,3993.0,25.07639,0.253,0.584,10.486
924677,43.0,6179.0,25.07066,0.253,0.584,10.486
926863,43.0,8365.0,25.06606,0.253,0.584,10.485
929049,43.0,10551.0,25.05777,0.253,0.584,10.485
931235,43.0,12737.0,25.06404,0.253,0.584,10.485
933421,43.0,14923.0,25.061,0.253,0.584,10.485
935607,43.0,17109.0,25.06463,0.253,0.584,10.485
937793,43.0,19295.0,25.06362,0.253,0.584,10.485
939979,43.0,21481.0,25.06269,0.253,0.584,10.485
942165,44.0,1798.0,25.03638,0.253,0.584,10.485
944351,44.0,3984.0,25.04073,0.253,0.584,10.485
946537,44.0,6170.0,25.05881,0.253,0.584,10.485
948723,44.0,8356.0,25.05365,0.253,0.584,10.485
950909,44.0,10542.0,25.05183,0.253,0.584,10.485
953095,44.0,12728.0,25.0559,0.253,0.584,10.485
955281,44.0,14914.0,25.05579,0.253,0.584,10.485
957467,44.0,17100.0,25.05689,0.253,0.584,10.485
959653,44.0,19286.0,25.05443,0.253,0.584,10.485
961839,44.0,21472.0,25.05417,0.252,0.584,10.485
964025,45.0,1789.0,25.04833,0.253,0.584,10.485
966211,45.0,3975.0,25.07327,0.252,0.584,10.485
968397,45.0,6161.0,25.07231,0.253,0.584,10.484
970583,45.0,8347.0,25.0658,0.253,0.584,10.484
972769,45.0,10533.0,25.06254,0.253,0.584,10.484
974955,45.0,12719.0,25.06312,0.252,0.584,10.484
977141,45.0,14905.0,25.05502,0.253,0.584,10.484
979327,45.0,17091.0,25.05604,0.253,0.584,10.484
981513,45.0,19277.0,25.05418,0.253,0.584,10.484
983699,45.0,21463.0,25.05383,0.252,0.584,10.484
985885,46.0,1780.0,25.07428,0.253,0.584,10.484
988071,46.0,3966.0,25.07681,0.252,0.584,10.484
990257,46.0,6152.0,25.06079,0.253,0.584,10.484
992443,46.0,8338.0,25.05701,0.252,0.584,10.484
994629,46.0,10524.0,25.05522,0.252,0.584,10.484
996815,46.0,12710.0,25.05201,0.252,0.584,10.484
999001,46.0,14896.0,25.04628,0.252,0.584,10.484
1001187,46.0,17082.0,25.04565,0.252,0.584,10.484
1003373,46.0,19268.0,25.04472,0.252,0.584,10.484
1005559,46.0,21454.0,25.04355,0.252,0.584,10.484
1007745,47.0,1771.0,25.02832,0.252,0.584,10.484
1009931,47.0,3957.0,25.05196,0.252,0.584,10.484
1012117,47.0,6143.0,25.0505,0.252,0.584,10.484
1014303,47.0,8329.0,25.04098,0.252,0.584,10.484
1016489,47.0,10515.0,25.03436,0.252,0.584,10.484
1018675,47.0,12701.0,25.02714,0.252,0.584,10.484
1020861,47.0,14887.0,25.02171,0.252,0.584,10.484
1023047,47.0,17073.0,25.02598,0.252,0.584,10.484
1025233,47.0,19259.0,25.02621,0.252,0.584,10.484
1027419,47.0,21445.0,25.02749,0.252,0.584,10.484
1029605,48.0,1762.0,25.03439,0.252,0.584,10.484
1031791,48.0,3948.0,25.05788,0.252,0.584,10.484
1033977,48.0,6134.0,25.0473,0.252,0.584,10.484
1036163,48.0,8320.0,25.04119,0.252,0.584,10.484
1038349,48.0,10506.0,25.03837,0.252,0.584,10.484
1040535,48.0,12692.0,25.04202,0.252,0.584,10.484
1042721,48.0,14878.0,25.0397,0.252,0.584,10.484
1044907,48.0,17064.0,25.04228,0.252,0.584,10.484
1047093,48.0,19250.0,25.03782,0.252,0.584,10.484
1049279,48.0,21436.0,25.03629,0.252,0.584,10.484
1051465,49.0,1753.0,25.00446,0.252,0.584,10.484
1053651,49.0,3939.0,25.025,0.252,0.584,10.484
1055837,49.0,6125.0,25.02778,0.252,0.584,10.484
1058023,49.0,8311.0,25.02817,0.252,0.584,10.484
1060209,49.0,10497.0,25.0194,0.252,0.584,10.484
1062395,49.0,12683.0,25.02217,0.252,0.584,10.484
1064581,49.0,14869.0,25.0171,0.252,0.584,10.483
1066767,49.0,17055.0,25.0215,0.252,0.584,10.483
1068953,49.0,19241.0,25.01833,0.252,0.584,10.483
1071139,49.0,21427.0,25.01808,0.252,0.584,10.483
1073325,50.0,1744.0,25.0354,0.252,0.584,10.483
1075511,50.0,3930.0,25.03997,0.252,0.584,10.483
1077697,50.0,6116.0,25.0365,0.252,0.584,10.483
1079883,50.0,8302.0,25.0293,0.252,0.584,10.483
1082069,50.0,10488.0,25.02766,0.252,0.584,10.483
1084255,50.0,12674.0,25.02459,0.252,0.584,10.483
1086441,50.0,14860.0,25.02023,0.252,0.584,10.483
1088627,50.0,17046.0,25.02468,0.252,0.584,10.483
1090813,50.0,19232.0,25.02441,0.252,0.584,10.483
1092999,50.0,21418.0,25.02499,0.252,0.584,10.483
1095185,51.0,1735.0,25.02128,0.252,0.584,10.483
1097371,51.0,3921.0,25.03459,0.252,0.584,10.483
1099557,51.0,6107.0,25.0315,0.252,0.584,10.483
1101743,51.0,8293.0,25.02791,0.252,0.584,10.483
1103929,51.0,10479.0,25.02113,0.252,0.584,10.483
1106115,51.0,12665.0,25.02121,0.252,0.584,10.483
1108301,51.0,14851.0,25.01482,0.252,0.584,10.483
1110487,51.0,17037.0,25.01714,0.252,0.584,10.483
1112673,51.0,19223.0,25.01496,0.252,0.584,10.483
1114859,51.0,21409.0,25.01393,0.252,0.584,10.483
1117045,52.0,1726.0,25.00572,0.252,0.584,10.483
1119231,52.0,3912.0,25.02151,0.252,0.584,10.483
1121417,52.0,6098.0,25.01402,0.252,0.584,10.483
1123603,52.0,8284.0,25.01108,0.252,0.584,10.483
1125789,52.0,10470.0,25.00467,0.252,0.584,10.483
1127975,52.0,12656.0,25.00423,0.252,0.584,10.483
1130161,52.0,14842.0,25.00132,0.252,0.584,10.483
1132347,52.0,17028.0,25.00413,0.252,0.584,10.483
1134533,52.0,19214.0,25.00055,0.252,0.584,10.483
1136719,52.0,21400.0,24.99843,0.252,0.584,10.483
1138905,53.0,1717.0,24.98839,0.252,0.584,10.483
1141091,53.0,3903.0,25.00906,0.252,0.584,10.483
1143277,53.0,6089.0,25.00337,0.252,0.584,10.483
1145463,53.0,8275.0,24.99482,0.252,0.584,10.483
1147649,53.0,10461.0,24.99022,0.252,0.584,10.483
1149835,53.0,12647.0,24.99131,0.252,0.584,10.483
1152021,53.0,14833.0,24.99201,0.252,0.584,10.483
1154207,53.0,17019.0,24.99451,0.252,0.584,10.483
1156393,53.0,19205.0,24.99283,0.252,0.584,10.483
1158579,53.0,21391.0,24.99378,0.252,0.584,10.483
1160765,54.0,1708.0,24.9895,0.252,0.584,10.483
1162951,54.0,3894.0,25.00816,0.252,0.584,10.483
1165137,54.0,6080.0,25.00437,0.252,0.584,10.483
1167323,54.0,8266.0,25.00502,0.252,0.584,10.483
1169509,54.0,10452.0,24.99931,0.252,0.584,10.483
1171695,54.0,12638.0,25.00232,0.252,0.584,10.483
1173881,54.0,14824.0,24.99691,0.252,0.584,10.483
1176067,54.0,17010.0,24.99841,0.252,0.584,10.483
1178253,54.0,19196.0,24.99543,0.252,0.584,10.483
1180439,54.0,21382.0,24.99494,0.252,0.584,10.483
1182625,55.0,1699.0,24.98091,0.252,0.584,10.483
1184811,55.0,3885.0,24.99925,0.252,0.584,10.483
1186997,55.0,6071.0,24.99647,0.252,0.584,10.483
1189183,55.0,8257.0,24.99243,0.252,0.584,10.483
1191369,55.0,10443.0,24.98714,0.252,0.584,10.483
1193555,55.0,12629.0,24.98673,0.252,0.584,10.483
1195741,55.0,14815.0,24.98182,0.252,0.584,10.483
1197927,55.0,17001.0,24.98404,0.252,0.584,10.483
1200113,55.0,19187.0,24.98213,0.252,0.584,10.483
1202299,55.0,21373.0,24.98426,0.252,0.584,10.483
1204485,56.0,1690.0,24.98217,0.252,0.584,10.483
1206671,56.0,3876.0,25.01419,0.252,0.584,10.483
1208857,56.0,6062.0,25.0044,0.252,0.584,10.483
1211043,56.0,8248.0,25.00009,0.252,0.584,10.483
1213229,56.0,10434.0,24.98793,0.252,0.584,10.483
1215415,56.0,12620.0,24.9898,0.252,0.584,10.483
1217601,56.0,14806.0,24.98776,0.252,0.584,10.483
1219787,56.0,16992.0,24.99299,0.252,0.584,10.483
1221973,56.0,19178.0,24.99056,0.252,0.584,10.483
1224159,56.0,21364.0,24.98955,0.252,0.584,10.483
1226345,57.0,1681.0,24.9757,0.252,0.584,10.483
1228531,57.0,3867.0,24.9991,0.252,0.584,10.483
1230717,57.0,6053.0,24.99727,0.252,0.584,10.483
1232903,57.0,8239.0,24.99262,0.252,0.584,10.483
1235089,57.0,10425.0,24.98534,0.252,0.584,10.483
1237275,57.0,12611.0,24.98794,0.252,0.584,10.483
1239461,57.0,14797.0,24.98627,0.252,0.584,10.483
1241647,57.0,16983.0,24.99335,0.252,0.584,10.483
1243833,57.0,19169.0,24.99263,0.252,0.584,10.483
1246019,57.0,21355.0,24.99134,0.252,0.584,10.483
1248205,58.0,1672.0,24.98614,0.252,0.584,10.483
1250391,58.0,3858.0,24.99457,0.252,0.584,10.483
1252577,58.0,6044.0,24.98654,0.252,0.584,10.483
1254763,58.0,8230.0,24.98654,0.252,0.584,10.483
1256949,58.0,10416.0,24.98544,0.252,0.584,10.483
1259135,58.0,12602.0,24.98619,0.252,0.584,10.483
1261321,58.0,14788.0,24.98099,0.252,0.584,10.483
1263507,58.0,16974.0,24.9846,0.252,0.584,10.483
1265693,58.0,19160.0,24.98401,0.252,0.584,10.483
1267879,58.0,21346.0,24.98548,0.252,0.584,10.483
1270065,59.0,1663.0,24.98089,0.252,0.584,10.483
1272251,59.0,3849.0,25.00048,0.252,0.584,10.483
1274437,59.0,6035.0,24.98987,0.252,0.584,10.483
1276623,59.0,8221.0,24.97907,0.252,0.584,10.483
1278809,59.0,10407.0,24.97519,0.252,0.584,10.483
1280995,59.0,12593.0,24.97827,0.252,0.584,10.483
1283181,59.0,14779.0,24.97174,0.252,0.584,10.483
1285367,59.0,16965.0,24.97672,0.252,0.584,10.483
1287553,59.0,19151.0,24.97512,0.252,0.584,10.483
1289739,59.0,21337.0,24.97661,0.252,0.584,10.483
1291925,60.0,1654.0,24.97716,0.252,0.584,10.483
1294111,60.0,3840.0,24.99132,0.252,0.584,10.483
1296297,60.0,6026.0,24.99203,0.252,0.584,10.483
1298483,60.0,8212.0,24.98912,0.252,0.584,10.483
1300669,60.0,10398.0,24.98683,0.252,0.584,10.483
1302855,60.0,12584.0,24.98629,0.252,0.584,10.483
1305041,60.0,14770.0,24.97824,0.252,0.584,10.483
1307227,60.0,16956.0,24.98226,0.252,0.584,10.483
1309413,60.0,19142.0,24.98229,0.252,0.584,10.483
1311599,60.0,21328.0,24.98341,0.252,0.584,10.483
1313785,61.0,1645.0,24.96621,0.252,0.584,10.483
1315971,61.0,3831.0,25.00463,0.252,0.584,10.483
1318157,61.0,6017.0,24.99522,0.252,0.584,10.483
1320343,61.0,8203.0,24.99214,0.252,0.584,10.483
1322529,61.0,10389.0,24.98538,0.252,0.584,10.483
1324715,61.0,12575.0,24.9843,0.252,0.584,10.483
1326901,61.0,14761.0,24.97889,0.252,0.584,10.483
1329087,61.0,16947.0,24.98477,0.252,0.584,10.483
1331273,61.0,19133.0,24.98037,0.252,0.584,10.483
1333459,61.0,21319.0,24.98237,0.252,0.584,10.483
1335645,62.0,1636.0,24.97156,0.252,0.584,10.483
1337831,62.0,3822.0,24.98801,0.252,0.584,10.483
1340017,62.0,6008.0,24.98227,0.252,0.584,10.483
1342203,62.0,8194.0,24.98022,0.252,0.584,10.483
1344389,62.0,10380.0,24.97851,0.252,0.584,10.483
1346575,62.0,12566.0,24.98186,0.252,0.584,10.483
1348761,62.0,14752.0,24.97448,0.252,0.584,10.483
1350947,62.0,16938.0,24.9767,0.252,0.584,10.483
1353133,62.0,19124.0,24.97687,0.252,0.584,10.483
1355319,62.0,21310.0,24.97771,0.252,0.584,10.483
1357505,63.0,1627.0,24.97241,0.252,0.584,10.483
1359691,63.0,3813.0,24.97928,0.252,0.584,10.483
1361877,63.0,5999.0,24.98399,0.252,0.584,10.483
1364063,63.0,8185.0,24.97996,0.252,0.584,10.483
1366249,63.0,10371.0,24.97798,0.252,0.584,10.483
1368435,63.0,12557.0,24.98211,0.252,0.584,10.483
1370621,63.0,14743.0,24.97755,0.252,0.584,10.483
1372807,63.0,16929.0,24.98102,0.252,0.584,10.483
1374993,63.0,19115.0,24.97744,0.252,0.584,10.483
1377179,63.0,21301.0,24.97682,0.252,0.584,10.483
1379365,64.0,1618.0,24.95268,0.252,0.584,10.483
1381551,64.0,3804.0,24.97422,0.252,0.584,10.483
1383737,64.0,5990.0,24.98113,0.252,0.584,10.483
1385923,64.0,8176.0,24.97587,0.252,0.584,10.483
1388109,64.0,10362.0,24.97303,0.252,0.584,10.483
1390295,64.0,12548.0,24.97043,0.252,0.584,10.483
1392481,64.0,14734.0,24.96798,0.252,0.584,10.483
1394667,64.0,16920.0,24.97424,0.252,0.584,10.483
1396853,64.0,19106.0,24.97303,0.252,0.584,10.483
1399039,64.0,21292.0,24.97398,0.252,0.584,10.483
1401225,65.0,1609.0,24.9423,0.252,0.584,10.483
1403411,65.0,3795.0,24.97686,0.252,0.584,10.483
1405597,65.0,5981.0,24.97966,0.252,0.584,10.483
1407783,65.0,8167.0,24.97457,0.252,0.584,10.483
1409969,65.0,10353.0,24.97205,0.252,0.584,10.483
1412155,65.0,12539.0,24.97388,0.252,0.584,10.483
1414341,65.0,14725.0,24.97242,0.252,0.584,10.483
1416527,65.0,16911.0,24.97699,0.252,0.584,10.483
1418713,65.0,19097.0,24.97809,0.252,0.584,10.483
1420899,65.0,21283.0,24.97921,0.252,0.584,10.483
1423085,66.0,1600.0,24.97809,0.252,0.584,10.483
1425271,66.0,3786.0,25.00049,0.252,0.584,10.483
1427457,66.0,5972.0,24.98881,0.252,0.584,10.483
1429643,66.0,8158.0,24.98322,0.252,0.584,10.483
1431829,66.0,10344.0,24.97502,0.252,0.584,10.483
1434015,66.0,12530.0,24.97356,0.252,0.584,10.483
1436201,66.0,14716.0,24.97043,0.252,0.584,10.483
1438387,66.0,16902.0,24.97663,0.252,0.584,10.483
1440573,66.0,19088.0,24.97434,0.252,0.584,10.483
1442759,66.0,21274.0,24.97731,0.252,0.584,10.483
1444945,67.0,1591.0,24.99245,0.252,0.584,10.483
1447131,67.0,3777.0,24.99233,0.252,0.584,10.483
1449317,67.0,5963.0,24.98492,0.252,0.584,10.483
1451503,67.0,8149.0,24.97881,0.252,0.584,10.483
1453689,67.0,10335.0,24.97224,0.252,0.584,10.483
1455875,67.0,12521.0,24.97228,0.252,0.584,10.483
1458061,67.0,14707.0,24.96809,0.252,0.584,10.483
1460247,67.0,16893.0,24.97389,0.252,0.584,10.483
1462433,67.0,19079.0,24.97288,0.252,0.584,10.483
1464619,67.0,21265.0,24.97399,0.252,0.584,10.483
1466805,68.0,1582.0,24.96173,0.252,0.584,10.483
1468991,68.0,3768.0,24.97516,0.252,0.584,10.483
1471177,68.0,5954.0,24.97206,0.252,0.584,10.483
1473363,68.0,8140.0,24.97042,0.252,0.584,10.483
1475549,68.0,10326.0,24.96256,0.252,0.584,10.483
1477735,68.0,12512.0,24.96165,0.252,0.584,10.483
1479921,68.0,14698.0,24.95679,0.252,0.584,10.483
1482107,68.0,16884.0,24.96079,0.252,0.584,10.483
1484293,68.0,19070.0,24.9613,0.252,0.584,10.483
1486479,68.0,21256.0,24.96438,0.252,0.584,10.483
1488665,69.0,1573.0,24.97177,0.252,0.584,10.483
1490851,69.0,3759.0,24.98292,0.252,0.584,10.483
1493037,69.0,5945.0,24.97743,0.252,0.584,10.483
1495223,69.0,8131.0,24.96887,0.252,0.584,10.483
1497409,69.0,10317.0,24.96569,0.252,0.584,10.483
1499595,69.0,12503.0,24.962,0.252,0.584,10.483
1501781,69.0,14689.0,24.95911,0.252,0.584,10.483
1503967,69.0,16875.0,24.96402,0.252,0.584,10.483
1506153,69.0,19061.0,24.96381,0.252,0.584,10.483
1508339,69.0,21247.0,24.96355,0.252,0.584,10.483
1510525,70.0,1564.0,24.9464,0.252,0.584,10.483
1512711,70.0,3750.0,24.97387,0.252,0.584,10.483
1514897,70.0,5936.0,24.97103,0.252,0.584,10.483
1517083,70.0,8122.0,24.96978,0.252,0.584,10.483
1519269,70.0,10308.0,24.96749,0.252,0.584,10.483
1521455,70.0,12494.0,24.96253,0.252,0.584,10.483
1523641,70.0,14680.0,24.95851,0.252,0.584,10.483
1525827,70.0,16866.0,24.96417,0.252,0.584,10.483
1528013,70.0,19052.0,24.96246,0.252,0.584,10.483
1530199,70.0,21238.0,24.96311,0.252,0.584,10.483
1532385,71.0,1555.0,24.96435,0.252,0.584,10.483
1534571,71.0,3741.0,24.97961,0.252,0.584,10.483
1536757,71.0,5927.0,24.98496,0.252,0.584,10.483
1538943,71.0,8113.0,24.98079,0.252,0.584,10.483
1541129,71.0,10299.0,24.97485,0.252,0.584,10.483
1543315,71.0,12485.0,24.97078,0.252,0.584,10.483
1545501,71.0,14671.0,24.96415,0.252,0.584,10.483
1547687,71.0,16857.0,24.97053,0.252,0.584,10.483
1549873,71.0,19043.0,24.97102,0.252,0.584,10.483
1552059,71.0,21229.0,24.97076,0.252,0.584,10.483
1554245,72.0,1546.0,24.92191,0.252,0.584,10.483
1556431,72.0,3732.0,24.95833,0.252,0.584,10.483
1558617,72.0,5918.0,24.96929,0.252,0.584,10.483
1560803,72.0,8104.0,24.97051,0.252,0.584,10.483
1562989,72.0,10290.0,24.96438,0.252,0.584,10.483
1565175,72.0,12476.0,24.96345,0.252,0.584,10.483
1567361,72.0,14662.0,24.95912,0.252,0.584,10.483
1569547,72.0,16848.0,24.96047,0.252,0.584,10.483
1571733,72.0,19034.0,24.96212,0.252,0.584,10.483
1573919,72.0,21220.0,24.96345,0.252,0.584,10.483
1576105,73.0,1537.0,24.94634,0.252,0.584,10.483
1578291,73.0,3723.0,24.98581,0.252,0.584,10.483
1580477,73.0,5909.0,24.97738,0.252,0.584,10.483
1582663,73.0,8095.0,24.97415,0.252,0.584,10.483
1584849,73.0,10281.0,24.97044,0.252,0.584,10.483
1587035,73.0,12467.0,24.971,0.252,0.584,10.483
1589221,73.0,14653.0,24.96614,0.252,0.584,10.483
1591407,73.0,16839.0,24.9723,0.252,0.584,10.483
1593593,73.0,19025.0,24.9715,0.252,0.584,10.483
1595779,73.0,21211.0,24.97346,0.252,0.584,10.483
1597965,74.0,1528.0,24.95793,0.252,0.584,10.483
1600151,74.0,3714.0,24.96809,0.252,0.584,10.483
1602337,74.0,5900.0,24.97665,0.252,0.584,10.483
1604523,74.0,8086.0,24.97176,0.252,0.584,10.483
1606709,74.0,10272.0,24.96112,0.252,0.584,10.483
1608895,74.0,12458.0,24.9577,0.252,0.584,10.483
1611081,74.0,14644.0,24.95558,0.252,0.584,10.483
1613267,74.0,16830.0,24.96117,0.252,0.584,10.483
1615453,74.0,19016.0,24.9603,0.252,0.584,10.483
1617639,74.0,21202.0,24.95969,0.252,0.584,10.483
1619825,75.0,1519.0,24.94684,0.252,0.584,10.483
1622011,75.0,3705.0,24.97651,0.252,0.584,10.483
1624197,75.0,5891.0,24.98058,0.252,0.584,10.483
1626383,75.0,8077.0,24.97835,0.252,0.584,10.483
1628569,75.0,10263.0,24.96783,0.252,0.584,10.483
1630755,75.0,12449.0,24.96495,0.252,0.584,10.483
1632941,75.0,14635.0,24.95813,0.252,0.584,10.483
1635127,75.0,16821.0,24.96245,0.252,0.584,10.483
1637313,75.0,19007.0,24.96374,0.252,0.584,10.483
1639499,75.0,21193.0,24.96536,0.252,0.584,10.483
1641685,76.0,1510.0,24.93966,0.252,0.584,10.483
1643871,76.0,3696.0,24.96973,0.252,0.584,10.483
1646057,76.0,5882.0,24.97109,0.252,0.584,10.483
1648243,76.0,8068.0,24.97338,0.252,0.584,10.483
1650429,76.0,10254.0,24.96842,0.252,0.584,10.483
1652615,76.0,12440.0,24.96503,0.252,0.584,10.483
1654801,76.0,14626.0,24.95836,0.252,0.584,10.483
1656987,76.0,16812.0,24.95935,0.252,0.584,10.483
1659173,76.0,18998.0,24.95941,0.252,0.584,10.483
1661359,76.0,21184.0,24.96045,0.252,0.584,10.483
1663545,77.0,1501.0,24.92654,0.252,0.584,10.483
1665731,77.0,3687.0,24.9605,0.252,0.584,10.483
1667917,77.0,5873.0,24.9649,0.252,0.584,10.483
1670103,77.0,8059.0,24.96138,0.252,0.584,10.483
1672289,77.0,10245.0,24.96082,0.252,0.584,10.483
1674475,77.0,12431.0,24.9618,0.252,0.584,10.483
1676661,77.0,14617.0,24.95777,0.252,0.584,10.483
1678847,77.0,16803.0,24.96151,0.252,0.584,10.483
1681033,77.0,18989.0,24.96076,0.252,0.584,10.483
1683219,77.0,21175.0,24.96177,0.252,0.584,10.483
1685405,78.0,1492.0,24.94328,0.252,0.584,10.483
1687591,78.0,3678.0,24.97186,0.252,0.584,10.483
1689777,78.0,5864.0,24.97611,0.252,0.584,10.483
1691963,78.0,8050.0,24.96612,0.252,0.584,10.483
1694149,78.0,10236.0,24.96054,0.252,0.584,10.483
1696335,78.0,12422.0,24.96269,0.252,0.584,10.483
1698521,78.0,14608.0,24.95714,0.252,0.584,10.483
1700707,78.0,16794.0,24.96124,0.252,0.584,10.483
1702893,78.0,18980.0,24.96299,0.252,0.584,10.483
1705079,78.0,21166.0,24.96707,0.252,0.584,10.483
1707265,79.0,1483.0,24.91366,0.252,0.584,10.483
1709451,79.0,3669.0,24.97695,0.252,0.584,10.483
1711637,79.0,5855.0,24.9869,0.252,0.584,10.483
1713823,79.0,8041.0,24.98165,0.252,0.584,10.483
1716009,79.0,10227.0,24.97711,0.252,0.584,10.483
1718195,79.0,12413.0,24.97251,0.252,0.584,10.483
1720381,79.0,14599.0,24.96582,0.252,0.584,10.483
1722567,79.0,16785.0,24.96774,0.252,0.584,10.483
1724753,79.0,18971.0,24.96834,0.252,0.584,10.483
1726939,79.0,21157.0,24.96684,0.252,0.584,10.483
1729125,80.0,1474.0,24.95139,0.252,0.584,10.483
1731311,80.0,3660.0,24.98926,0.252,0.584,10.483
1733497,80.0,5846.0,24.98756,0.252,0.584,10.483
1735683,80.0,8032.0,24.97984,0.252,0.584,10.483
1737869,80.0,10218.0,24.97394,0.252,0.584,10.483
1740055,80.0,12404.0,24.9694,0.252,0.584,10.483
1742241,80.0,14590.0,24.96315,0.252,0.584,10.483
1744427,80.0,16776.0,24.96806,0.252,0.584,10.483
1746613,80.0,18962.0,24.96814,0.252,0.584,10.483
1748799,80.0,21148.0,24.9683,0.252,0.584,10.483
1750985,81.0,1465.0,24.93627,0.252,0.584,10.483
1753171,81.0,3651.0,24.97043,0.252,0.584,10.483
1755357,81.0,5837.0,24.96589,0.252,0.584,10.483
1757543,81.0,8023.0,24.96591,0.252,0.584,10.483
1759729,81.0,10209.0,24.96156,0.252,0.584,10.483
1761915,81.0,12395.0,24.95625,0.252,0.584,10.483
1764101,81.0,14581.0,24.95234,0.252,0.584,10.483
1766287,81.0,16767.0,24.95491,0.252,0.584,10.483
1768473,81.0,18953.0,24.95557,0.252,0.584,10.483
1770659,81.0,21139.0,24.95638,0.252,0.584,10.483
1772845,82.0,1456.0,24.93825,0.252,0.584,10.483
1775031,82.0,3642.0,24.99347,0.252,0.584,10.483
1777217,82.0,5828.0,24.98127,0.252,0.584,10.483
1779403,82.0,8014.0,24.97514,0.252,0.584,10.483
1781589,82.0,10200.0,24.96854,0.252,0.584,10.483
1783775,82.0,12386.0,24.96559,0.252,0.584,10.483
1785961,82.0,14572.0,24.95983,0.252,0.584,10.483
1788147,82.0,16758.0,24.96522,0.252,0.584,10.483
1790333,82.0,18944.0,24.96371,0.252,0.584,10.483
1792519,82.0,21130.0,24.96391,0.252,0.584,10.483
1794705,83.0,1447.0,24.93921,0.252,0.584,10.483
1796891,83.0,3633.0,24.97239,0.252,0.584,10.483
1799077,83.0,5819.0,24.97088,0.252,0.584,10.483
1801263,83.0,8005.0,24.968,0.252,0.584,10.483
1803449,83.0,10191.0,24.96493,0.252,0.584,10.483
1805635,83.0,12377.0,24.96088,0.252,0.584,10.483
1807821,83.0,14563.0,24.95536,0.252,0.584,10.483
1810007,83.0,16749.0,24.96047,0.252,0.584,10.483
1812193,83.0,18935.0,24.96118,0.252,0.584,10.483
1814379,83.0,21121.0,24.96126,0.252,0.584,10.483
1816565,84.0,1438.0,24.93301,0.252,0.584,10.483
1818751,84.0,3624.0,24.982,0.252,0.584,10.483
1820937,84.0,5810.0,24.98485,0.252,0.584,10.483
1823123,84.0,7996.0,24.98457,0.252,0.584,10.483
1825309,84.0,10182.0,24.97438,0.252,0.584,10.483
1827495,84.0,12368.0,24.97199,0.252,0.584,10.483
1829681,84.0,14554.0,24.96516,0.252,0.584,10.483
1831867,84.0,16740.0,24.96904,0.252,0.584,10.483
1834053,84.0,18926.0,24.96547,0.252,0.584,10.483
1836239,84.0,21112.0,24.96706,0.252,0.584,10.483
1838425,85.0,1429.0,24.91985,0.252,0.584,10.483
1840611,85.0,3615.0,24.96737,0.252,0.584,10.483
1842797,85.0,5801.0,24.96989,0.252,0.584,10.483
1844983,85.0,7987.0,24.96777,0.252,0.584,10.483
1847169,85.0,10173.0,24.96512,0.252,0.584,10.483
1849355,85.0,12359.0,24.9645,0.252,0.584,10.483
1851541,85.0,14545.0,24.96128,0.252,0.584,10.483
1853727,85.0,16731.0,24.96329,0.252,0.584,10.483
1855913,85.0,18917.0,24.96185,0.252,0.584,10.483
1858099,85.0,21103.0,24.96336,0.252,0.584,10.483
1860285,86.0,1420.0,24.93237,0.252,0.584,10.483
1862471,86.0,3606.0,24.96813,0.252,0.584,10.483
1864657,86.0,5792.0,24.96697,0.252,0.584,10.483
1866843,86.0,7978.0,24.96026,0.252,0.584,10.483
1869029,86.0,10164.0,24.96508,0.252,0.584,10.483
1871215,86.0,12350.0,24.96715,0.252,0.584,10.483
1873401,86.0,14536.0,24.96016,0.252,0.584,10.483
1875587,86.0,16722.0,24.96181,0.252,0.584,10.483
1877773,86.0,18908.0,24.96064,0.252,0.584,10.483
1879959,86.0,21094.0,24.96276,0.252,0.584,10.483
1882145,87.0,1411.0,24.95074,0.252,0.584,10.483
1884331,87.0,3597.0,24.98838,0.252,0.584,10.483
1886517,87.0,5783.0,24.98924,0.252,0.584,10.483
1888703,87.0,7969.0,24.9842,0.252,0.584,10.483
1890889,87.0,10155.0,24.97836,0.252,0.584,10.483
1893075,87.0,12341.0,24.97275,0.252,0.584,10.483
1895261,87.0,14527.0,24.96492,0.252,0.584,10.483
1897447,87.0,16713.0,24.97113,0.252,0.584,10.483
1899633,87.0,18899.0,24.96806,0.252,0.584,10.483
1901819,87.0,21085.0,24.96736,0.252,0.584,10.483
1904005,88.0,1402.0,24.9199,0.252,0.584,10.483
1906191,88.0,3588.0,24.96453,0.252,0.584,10.483
1908377,88.0,5774.0,24.9701,0.252,0.584,10.483
1910563,88.0,7960.0,24.97035,0.252,0.584,10.483
1912749,88.0,10146.0,24.96642,0.252,0.584,10.483
1914935,88.0,12332.0,24.96666,0.252,0.584,10.483
1917121,88.0,14518.0,24.96091,0.252,0.584,10.483
1919307,88.0,16704.0,24.96392,0.252,0.584,10.483
1921493,88.0,18890.0,24.961,0.252,0.584,10.483
1923679,88.0,21076.0,24.96026,0.252,0.584,10.483
1925865,89.0,1393.0,24.91136,0.252,0.584,10.483
1928051,89.0,3579.0,24.94951,0.252,0.584,10.483
1930237,89.0,5765.0,24.95684,0.252,0.584,10.483
1932423,89.0,7951.0,24.95702,0.252,0.584,10.483
1934609,89.0,10137.0,24.95372,0.252,0.584,10.483
1936795,89.0,12323.0,24.95511,0.252,0.584,10.483
1938981,89.0,14509.0,24.95381,0.252,0.584,10.483
1941167,89.0,16695.0,24.9591,0.252,0.584,10.483
1943353,89.0,18881.0,24.95663,0.252,0.584,10.483
1945539,89.0,21067.0,24.95986,0.252,0.584,10.483
1947725,90.0,1384.0,24.96124,0.252,0.584,10.483
1949911,90.0,3570.0,24.9638,0.252,0.584,10.483
1952097,90.0,5756.0,24.96699,0.252,0.584,10.483
1954283,90.0,7942.0,24.96406,0.252,0.584,10.483
1956469,90.0,10128.0,24.96017,0.252,0.584,10.483
1958655,90.0,12314.0,24.95694,0.252,0.584,10.483
1960841,90.0,14500.0,24.9515,0.252,0.584,10.483
1963027,90.0,16686.0,24.95622,0.252,0.584,10.483
1965213,90.0,18872.0,24.95548,0.252,0.584,10.483
1967399,90.0,21058.0,24.95633,0.252,0.584,10.483
1969585,91.0,1375.0,24.95187,0.252,0.584,10.483
1971771,91.0,3561.0,24.98364,0.252,0.584,10.483
1973957,91.0,5747.0,24.98121,0.252,0.584,10.483
1976143,91.0,7933.0,24.97274,0.252,0.584,10.483
1978329,91.0,10119.0,24.97072,0.252,0.584,10.483
1980515,91.0,12305.0,24.96932,0.252,0.584,10.483
1982701,91.0,14491.0,24.96376,0.252,0.584,10.483
1984887,91.0,16677.0,24.96527,0.252,0.584,10.483
1987073,91.0,18863.0,24.96344,0.252,0.584,10.483
1989259,91.0,21049.0,24.96226,0.252,0.584,10.483
1991445,92.0,1366.0,24.92333,0.252,0.584,10.483
1993631,92.0,3552.0,24.95423,0.252,0.584,10.483
1995817,92.0,5738.0,24.95819,0.252,0.584,10.483
1998003,92.0,7924.0,24.9491,0.252,0.584,10.483
2000189,92.0,10110.0,24.94471,0.252,0.584,10.483
2002375,92.0,12296.0,24.94422,0.252,0.584,10.483
2004561,92.0,14482.0,24.94141,0.252,0.584,10.483
2006747,92.0,16668.0,24.9436,0.252,0.584,10.483
2008933,92.0,18854.0,24.94616,0.252,0.584,10.483
2011119,92.0,21040.0,24.94732,0.252,0.584,10.483
2013305,93.0,1357.0,24.94477,0.252,0.584,10.483
2015491,93.0,3543.0,24.97359,0.252,0.584,10.483
2017677,93.0,5729.0,24.97401,0.252,0.584,10.483
2019863,93.0,7915.0,24.96722,0.252,0.584,10.483
2022049,93.0,10101.0,24.9599,0.252,0.584,10.483
2024235,93.0,12287.0,24.95633,0.252,0.584,10.483
2026421,93.0,14473.0,24.95168,0.252,0.584,10.483
2028607,93.0,16659.0,24.9537,0.252,0.584,10.483
2030793,93.0,18845.0,24.95264,0.252,0.584,10.483
2032979,93.0,21031.0,24.9543,0.252,0.584,10.483
2035165,94.0,1348.0,24.92399,0.252,0.584,10.483
2037351,94.0,3534.0,24.94926,0.252,0.584,10.483
2039537,94.0,5720.0,24.96637,0.252,0.584,10.483
2041723,94.0,7906.0,24.95983,0.252,0.584,10.483
2043909,94.0,10092.0,24.94974,0.252,0.584,10.483
2046095,94.0,12278.0,24.95073,0.252,0.584,10.483
2048281,94.0,14464.0,24.94532,0.252,0.584,10.483
2050467,94.0,16650.0,24.94686,0.252,0.584,10.483
2052653,94.0,18836.0,24.94704,0.252,0.584,10.483
2054839,94.0,21022.0,24.94619,0.252,0.584,10.483
2057025,95.0,1339.0,24.96425,0.252,0.584,10.483
2059211,95.0,3525.0,24.97182,0.252,0.584,10.483
2061397,95.0,5711.0,24.97068,0.252,0.584,10.483
2063583,95.0,7897.0,24.96933,0.252,0.584,10.483
2065769,95.0,10083.0,24.96012,0.252,0.584,10.483
2067955,95.0,12269.0,24.96305,0.252,0.584,10.483
2070141,95.0,14455.0,24.9603,0.252,0.584,10.483
2072327,95.0,16641.0,24.96391,0.252,0.584,10.483
2074513,95.0,18827.0,24.96434,0.252,0.584,10.483
2076699,95.0,21013.0,24.96368,0.252,0.584,10.483
2078885,96.0,1330.0,24.93774,0.252,0.584,10.483
2081071,96.0,3516.0,24.97441,0.252,0.584,10.483
2083257,96.0,5702.0,24.98215,0.252,0.584,10.483
2085443,96.0,7888.0,24.97474,0.252,0.584,10.483
2087629,96.0,10074.0,24.96483,0.252,0.584,10.483
2089815,96.0,12260.0,24.96236,0.252,0.584,10.483
2092001,96.0,14446.0,24.9613,0.252,0.584,10.483
2094187,96.0,16632.0,24.96223,0.252,0.584,10.483
2096373,96.0,18818.0,24.96249,0.252,0.584,10.483
2098559,96.0,21004.0,24.96488,0.252,0.584,10.483
2100745,97.0,1321.0,24.94442,0.252,0.584,10.483
2102931,97.0,3507.0,24.975,0.252,0.584,10.483
2105117,97.0,5693.0,24.9822,0.252,0.584,10.483
2107303,97.0,7879.0,24.97148,0.252,0.584,10.483
2109489,97.0,10065.0,24.96553,0.252,0.584,10.483
2111675,97.0,12251.0,24.96728,0.252,0.584,10.483
2113861,97.0,14437.0,24.96572,0.252,0.584,10.483
2116047,97.0,16623.0,24.96701,0.252,0.584,10.483
2118233,97.0,18809.0,24.96838,0.252,0.584,10.483
2120419,97.0,20995.0,24.96807,0.252,0.584,10.483
2122605,98.0,1312.0,24.94256,0.252,0.584,10.483
2124791,98.0,3498.0,24.96072,0.252,0.584,10.483
2126977,98.0,5684.0,24.96428,0.252,0.584,10.483
2129163,98.0,7870.0,24.9655,0.252,0.584,10.483
2131349,98.0,10056.0,24.96698,0.252,0.584,10.483
2133535,98.0,12242.0,24.96643,0.252,0.584,10.483
2135721,98.0,14428.0,24.96368,0.252,0.584,10.483
2137907,98.0,16614.0,24.96394,0.252,0.584,10.483
2140093,98.0,18800.0,24.96278,0.252,0.584,10.483
2142279,98.0,20986.0,24.96583,0.252,0.584,10.483
2144465,99.0,1303.0,24.95764,0.252,0.584,10.483
2146651,99.0,3489.0,24.96355,0.252,0.584,10.483
2148837,99.0,5675.0,24.97878,0.252,0.584,10.483
2151023,99.0,7861.0,24.97021,0.252,0.584,10.483
2153209,99.0,10047.0,24.96422,0.252,0.584,10.483
2155395,99.0,12233.0,24.95782,0.252,0.584,10.483
2157581,99.0,14419.0,24.95259,0.252,0.584,10.483
2159767,99.0,16605.0,24.95248,0.252,0.584,10.483
2161953,99.0,18791.0,24.95032,0.252,0.584,10.483
2164139,99.0,20977.0,24.94777,0.252,0.584,10.483
2166325,100.0,1294.0,24.93042,0.252,0.584,10.483
2168511,100.0,3480.0,24.94483,0.252,0.584,10.483
2170697,100.0,5666.0,24.95503,0.252,0.584,10.483
2172883,100.0,7852.0,24.95338,0.252,0.584,10.483
2175069,100.0,10038.0,24.9463,0.252,0.584,10.483
2177255,100.0,12224.0,24.94593,0.252,0.584,10.483
2179441,100.0,14410.0,24.94459,0.252,0.584,10.483
2181627,100.0,16596.0,24.94438,0.252,0.584,10.483
2183813,100.0,18782.0,24.94468,0.252,0.584,10.483
2185999,100.0,20968.0,24.94671,0.252,0.584,10.483
