iteration,epoch,minibatch,8,16,32,64,128
2185,1,2185,0.368,0.368,0.368,0.363,0.353
4371,1,4371,0.368,0.367,0.337,0.282,0.252
6557,1,6557,0.368,0.362,0.287,0.254,0.238
8743,1,8743,0.368,0.343,0.267,0.236,0.235
10929,1,10929,0.368,0.3,0.251,0.232,0.232
13115,1,13115,0.367,0.262,0.237,0.228,0.227
15301,1,15301,0.36,0.258,0.236,0.226,0.221
17487,1,17487,0.325,0.261,0.236,0.225,0.219
19673,1,19673,0.282,0.27,0.235,0.223,0.217
21859,1,21859,0.275,0.261,0.233,0.221,0.216
24045,2,2176,0.272,0.265,0.231,0.219,0.216
26231,2,4362,0.27,0.26,0.229,0.218,0.214
28417,2,6548,0.269,0.258,0.227,0.217,0.215
30603,2,8734,0.262,0.253,0.225,0.216,0.214
32789,2,10920,0.256,0.245,0.225,0.216,0.214
34975,2,13106,0.251,0.242,0.222,0.214,0.213
37161,2,15292,0.244,0.232,0.222,0.215,0.213
39347,2,17478,0.237,0.23,0.221,0.215,0.213
41533,2,19664,0.235,0.229,0.221,0.214,0.211
43719,2,21850,0.232,0.228,0.22,0.213,0.211
45905,3,2167,0.228,0.228,0.219,0.214,0.21
48091,3,4353,0.225,0.224,0.218,0.213,0.208
50277,3,6539,0.222,0.226,0.217,0.213,0.208
52463,3,8725,0.22,0.223,0.217,0.213,0.208
54649,3,10911,0.22,0.221,0.217,0.213,0.207
56835,3,13097,0.219,0.221,0.216,0.212,0.206
59021,3,15283,0.219,0.22,0.216,0.212,0.205
61207,3,17469,0.219,0.219,0.216,0.213,0.204
63393,3,19655,0.219,0.219,0.216,0.212,0.204
65579,3,21841,0.218,0.22,0.216,0.211,0.204
67765,4,2158,0.219,0.219,0.216,0.211,0.203
69951,4,4344,0.219,0.219,0.216,0.21,0.202
72137,4,6530,0.219,0.219,0.216,0.209,0.201
74323,4,8716,0.218,0.219,0.216,0.209,0.202
76509,4,10902,0.219,0.219,0.216,0.209,0.202
78695,4,13088,0.219,0.219,0.216,0.208,0.201
80881,4,15274,0.219,0.219,0.216,0.208,0.201
83067,4,17460,0.219,0.219,0.216,0.208,0.2
85253,4,19646,0.219,0.219,0.216,0.207,0.2
87439,4,21832,0.219,0.219,0.216,0.207,0.199
89625,5,2149,0.219,0.219,0.216,0.206,0.199
91811,5,4335,0.219,0.219,0.216,0.206,0.198
93997,5,6521,0.219,0.219,0.216,0.205,0.198
96183,5,8707,0.22,0.219,0.215,0.206,0.198
98369,5,10893,0.22,0.219,0.216,0.205,0.198
100555,5,13079,0.22,0.219,0.215,0.205,0.198
102741,5,15265,0.22,0.218,0.215,0.205,0.196
104927,5,17451,0.22,0.218,0.215,0.204,0.196
107113,5,19637,0.22,0.218,0.215,0.204,0.196
109299,5,21823,0.22,0.219,0.215,0.204,0.195
111485,6,2140,0.221,0.217,0.215,0.204,0.195
113671,6,4326,0.221,0.217,0.214,0.203,0.195
115857,6,6512,0.221,0.217,0.214,0.203,0.194
118043,6,8698,0.221,0.217,0.214,0.203,0.194
120229,6,10884,0.222,0.217,0.214,0.203,0.195
122415,6,13070,0.221,0.217,0.214,0.202,0.194
124601,6,15256,0.222,0.217,0.214,0.203,0.193
126787,6,17442,0.222,0.215,0.214,0.203,0.193
128973,6,19628,0.222,0.214,0.214,0.202,0.193
131159,6,21814,0.221,0.214,0.213,0.202,0.193
133345,7,2131,0.222,0.214,0.213,0.201,0.193
135531,7,4317,0.221,0.213,0.212,0.202,0.192
137717,7,6503,0.221,0.213,0.212,0.201,0.192
139903,7,8689,0.221,0.213,0.212,0.201,0.192
142089,7,10875,0.221,0.213,0.212,0.201,0.192
144275,7,13061,0.221,0.213,0.212,0.201,0.191
146461,7,15247,0.221,0.213,0.212,0.201,0.191
148647,7,17433,0.221,0.212,0.211,0.2,0.191
150833,7,19619,0.221,0.212,0.211,0.2,0.191
153019,7,21805,0.221,0.212,0.21,0.2,0.191
155205,8,2122,0.221,0.21,0.211,0.2,0.191
157391,8,4308,0.221,0.21,0.21,0.199,0.19
159577,8,6494,0.221,0.21,0.21,0.199,0.19
161763,8,8680,0.221,0.21,0.21,0.199,0.19
163949,8,10866,0.221,0.209,0.21,0.199,0.19
166135,8,13052,0.22,0.209,0.21,0.199,0.19
168321,8,15238,0.221,0.209,0.21,0.199,0.19
170507,8,17424,0.221,0.209,0.21,0.197,0.189
172693,8,19610,0.221,0.209,0.21,0.198,0.19
174879,8,21796,0.221,0.209,0.21,0.198,0.19
177065,9,2113,0.221,0.209,0.21,0.197,0.189
179251,9,4299,0.221,0.209,0.21,0.197,0.189
181437,9,6485,0.22,0.209,0.209,0.198,0.189
183623,9,8671,0.22,0.209,0.209,0.197,0.189
185809,9,10857,0.22,0.209,0.209,0.198,0.19
187995,9,13043,0.22,0.209,0.209,0.197,0.189
190181,9,15229,0.221,0.209,0.209,0.197,0.189
192367,9,17415,0.221,0.209,0.209,0.196,0.189
194553,9,19601,0.221,0.209,0.21,0.197,0.188
196739,9,21787,0.221,0.209,0.209,0.196,0.188
198925,10,2104,0.221,0.209,0.209,0.196,0.188
201111,10,4290,0.221,0.209,0.208,0.196,0.189
203297,10,6476,0.221,0.208,0.209,0.195,0.188
205483,10,8662,0.221,0.208,0.209,0.194,0.188
207669,10,10848,0.221,0.208,0.209,0.195,0.188
209855,10,13034,0.221,0.208,0.209,0.195,0.189
212041,10,15220,0.221,0.208,0.209,0.193,0.188
214227,10,17406,0.221,0.208,0.209,0.193,0.188
216413,10,19592,0.222,0.208,0.209,0.193,0.188
218599,10,21778,0.222,0.208,0.209,0.193,0.188
220785,11,2095,0.222,0.208,0.209,0.193,0.188
222971,11,4281,0.222,0.208,0.208,0.193,0.188
225157,11,6467,0.222,0.208,0.208,0.193,0.188
227343,11,8653,0.223,0.208,0.208,0.192,0.187
229529,11,10839,0.223,0.208,0.208,0.192,0.187
231715,11,13025,0.223,0.208,0.208,0.192,0.187
233901,11,15211,0.223,0.208,0.208,0.192,0.187
236087,11,17397,0.223,0.208,0.208,0.192,0.187
238273,11,19583,0.223,0.208,0.208,0.192,0.187
240459,11,21769,0.223,0.208,0.207,0.192,0.187
242645,12,2086,0.223,0.208,0.208,0.191,0.187
244831,12,4272,0.223,0.207,0.207,0.192,0.187
247017,12,6458,0.224,0.207,0.207,0.191,0.187
249203,12,8644,0.224,0.207,0.207,0.191,0.187
251389,12,10830,0.224,0.207,0.208,0.192,0.187
253575,12,13016,0.224,0.207,0.207,0.191,0.187
255761,12,15202,0.224,0.207,0.208,0.191,0.187
257947,12,17388,0.224,0.207,0.207,0.191,0.187
260133,12,19574,0.224,0.207,0.208,0.19,0.187
262319,12,21760,0.224,0.207,0.207,0.19,0.187
264505,13,2077,0.224,0.207,0.207,0.19,0.187
266691,13,4263,0.224,0.207,0.207,0.19,0.187
268877,13,6449,0.224,0.207,0.207,0.19,0.187
271063,13,8635,0.224,0.207,0.207,0.19,0.187
273249,13,10821,0.224,0.207,0.207,0.19,0.186
275435,13,13007,0.223,0.207,0.207,0.19,0.187
277621,13,15193,0.224,0.207,0.207,0.19,0.187
279807,13,17379,0.224,0.207,0.207,0.19,0.187
281993,13,19565,0.224,0.207,0.207,0.19,0.187
284179,13,21751,0.224,0.207,0.207,0.19,0.187
286365,14,2068,0.224,0.206,0.207,0.189,0.187
288551,14,4254,0.224,0.206,0.207,0.189,0.187
290737,14,6440,0.224,0.206,0.207,0.189,0.186
292923,14,8626,0.224,0.206,0.206,0.189,0.186
295109,14,10812,0.224,0.206,0.206,0.19,0.187
297295,14,12998,0.224,0.206,0.206,0.189,0.186
299481,14,15184,0.224,0.206,0.207,0.189,0.186
301667,14,17370,0.224,0.206,0.206,0.189,0.187
303853,14,19556,0.224,0.206,0.206,0.188,0.187
306039,14,21742,0.224,0.206,0.206,0.189,0.187
308225,15,2059,0.224,0.206,0.206,0.188,0.187
310411,15,4245,0.224,0.206,0.206,0.189,0.186
312597,15,6431,0.224,0.206,0.206,0.189,0.187
314783,15,8617,0.224,0.206,0.206,0.189,0.186
316969,15,10803,0.223,0.206,0.206,0.189,0.186
319155,15,12989,0.223,0.206,0.206,0.189,0.186
321341,15,15175,0.223,0.206,0.206,0.188,0.186
323527,15,17361,0.223,0.206,0.206,0.188,0.186
325713,15,19547,0.223,0.206,0.206,0.188,0.186
327899,15,21733,0.223,0.206,0.206,0.188,0.186
330085,16,2050,0.223,0.206,0.206,0.188,0.186
332271,16,4236,0.223,0.206,0.206,0.188,0.186
334457,16,6422,0.223,0.206,0.206,0.188,0.186
336643,16,8608,0.223,0.206,0.206,0.188,0.186
338829,16,10794,0.223,0.206,0.205,0.188,0.186
341015,16,12980,0.223,0.206,0.205,0.188,0.186
343201,16,15166,0.223,0.206,0.205,0.188,0.186
345387,16,17352,0.222,0.206,0.205,0.188,0.186
347573,16,19538,0.222,0.206,0.205,0.187,0.186
349759,16,21724,0.222,0.206,0.205,0.188,0.186
351945,17,2041,0.222,0.206,0.205,0.188,0.186
354131,17,4227,0.223,0.206,0.205,0.188,0.186
356317,17,6413,0.223,0.206,0.205,0.188,0.186
358503,17,8599,0.223,0.206,0.204,0.187,0.186
360689,17,10785,0.223,0.206,0.204,0.188,0.186
362875,17,12971,0.223,0.206,0.204,0.187,0.186
365061,17,15157,0.222,0.206,0.203,0.188,0.186
367247,17,17343,0.222,0.206,0.203,0.187,0.186
369433,17,19529,0.222,0.206,0.203,0.188,0.186
371619,17,21715,0.222,0.206,0.203,0.187,0.186
373805,18,2032,0.222,0.206,0.202,0.187,0.186
375991,18,4218,0.222,0.206,0.203,0.187,0.186
378177,18,6404,0.222,0.206,0.202,0.187,0.186
380363,18,8590,0.222,0.206,0.202,0.187,0.186
382549,18,10776,0.222,0.206,0.201,0.187,0.186
384735,18,12962,0.222,0.206,0.201,0.187,0.186
386921,18,15148,0.222,0.206,0.201,0.187,0.186
389107,18,17334,0.222,0.206,0.201,0.187,0.186
391293,18,19520,0.222,0.206,0.201,0.187,0.186
393479,18,21706,0.222,0.206,0.2,0.187,0.186
395665,19,2023,0.222,0.206,0.2,0.187,0.186
397851,19,4209,0.222,0.206,0.2,0.187,0.186
400037,19,6395,0.222,0.206,0.2,0.187,0.186
402223,19,8581,0.222,0.206,0.2,0.187,0.186
404409,19,10767,0.222,0.206,0.2,0.187,0.186
406595,19,12953,0.222,0.206,0.199,0.187,0.186
408781,19,15139,0.221,0.206,0.199,0.187,0.186
410967,19,17325,0.221,0.206,0.199,0.187,0.186
413153,19,19511,0.221,0.206,0.198,0.187,0.186
415339,19,21697,0.221,0.206,0.198,0.187,0.186
417525,20,2014,0.221,0.206,0.198,0.187,0.186
419711,20,4200,0.221,0.206,0.198,0.187,0.186
421897,20,6386,0.221,0.206,0.198,0.186,0.186
424083,20,8572,0.221,0.206,0.197,0.186,0.186
426269,20,10758,0.221,0.206,0.197,0.187,0.186
428455,20,12944,0.221,0.206,0.197,0.186,0.186
430641,20,15130,0.221,0.206,0.197,0.187,0.186
432827,20,17316,0.221,0.206,0.197,0.187,0.186
435013,20,19502,0.221,0.206,0.196,0.186,0.186
437199,20,21688,0.221,0.206,0.196,0.187,0.186
439385,21,2005,0.221,0.206,0.196,0.187,0.186
441571,21,4191,0.22,0.206,0.196,0.187,0.186
443757,21,6377,0.221,0.206,0.196,0.186,0.186
445943,21,8563,0.221,0.206,0.196,0.186,0.186
448129,21,10749,0.221,0.206,0.196,0.187,0.186
450315,21,12935,0.221,0.206,0.196,0.187,0.186
452501,21,15121,0.221,0.206,0.196,0.187,0.186
454687,21,17307,0.221,0.206,0.196,0.187,0.186
456873,21,19493,0.221,0.206,0.195,0.187,0.186
459059,21,21679,0.221,0.206,0.195,0.187,0.186
461245,22,1996,0.22,0.205,0.195,0.187,0.186
463431,22,4182,0.218,0.206,0.195,0.186,0.186
465617,22,6368,0.219,0.206,0.195,0.187,0.186
467803,22,8554,0.22,0.206,0.194,0.187,0.186
469989,22,10740,0.219,0.205,0.194,0.187,0.186
472175,22,12926,0.218,0.206,0.194,0.187,0.186
474361,22,15112,0.219,0.206,0.194,0.187,0.186
476547,22,17298,0.218,0.206,0.194,0.187,0.186
478733,22,19484,0.218,0.206,0.194,0.187,0.186
480919,22,21670,0.218,0.206,0.194,0.186,0.186
483105,23,1987,0.218,0.205,0.193,0.187,0.186
485291,23,4173,0.217,0.205,0.193,0.187,0.185
487477,23,6359,0.217,0.205,0.193,0.186,0.185
489663,23,8545,0.218,0.205,0.192,0.187,0.185
491849,23,10731,0.218,0.205,0.192,0.187,0.185
494035,23,12917,0.217,0.205,0.192,0.186,0.186
496221,23,15103,0.218,0.205,0.192,0.187,0.186
498407,23,17289,0.218,0.205,0.192,0.187,0.186
500593,23,19475,0.217,0.205,0.192,0.186,0.185
502779,23,21661,0.217,0.205,0.192,0.186,0.186
504965,24,1978,0.218,0.205,0.191,0.187,0.185
507151,24,4164,0.218,0.205,0.191,0.186,0.185
509337,24,6350,0.218,0.205,0.19,0.186,0.186
511523,24,8536,0.218,0.205,0.19,0.186,0.186
513709,24,10722,0.218,0.205,0.191,0.186,0.185
515895,24,12908,0.218,0.205,0.191,0.186,0.185
518081,24,15094,0.218,0.205,0.191,0.186,0.185
520267,24,17280,0.218,0.205,0.19,0.186,0.186
522453,24,19466,0.218,0.205,0.19,0.186,0.185
524639,24,21652,0.218,0.205,0.19,0.186,0.185
526825,25,1969,0.218,0.205,0.19,0.186,0.185
529011,25,4155,0.218,0.204,0.189,0.186,0.185
531197,25,6341,0.218,0.204,0.189,0.186,0.185
533383,25,8527,0.218,0.204,0.189,0.186,0.185
535569,25,10713,0.218,0.204,0.189,0.186,0.186
537755,25,12899,0.218,0.204,0.189,0.186,0.185
539941,25,15085,0.219,0.204,0.189,0.186,0.185
542127,25,17271,0.218,0.204,0.19,0.186,0.186
544313,25,19457,0.221,0.204,0.189,0.186,0.185
546499,25,21643,0.221,0.204,0.189,0.186,0.185
548685,26,1960,0.219,0.203,0.189,0.186,0.185
550871,26,4146,0.218,0.203,0.189,0.186,0.185
553057,26,6332,0.218,0.203,0.189,0.186,0.185
555243,26,8518,0.219,0.203,0.189,0.186,0.185
557429,26,10704,0.221,0.203,0.188,0.186,0.185
559615,26,12890,0.218,0.203,0.189,0.186,0.185
561801,26,15076,0.221,0.202,0.189,0.186,0.186
563987,26,17262,0.221,0.202,0.188,0.186,0.186
566173,26,19448,0.221,0.202,0.188,0.186,0.185
568359,26,21634,0.221,0.202,0.188,0.186,0.186
570545,27,1951,0.221,0.202,0.188,0.186,0.185
572731,27,4137,0.221,0.202,0.188,0.186,0.185
574917,27,6323,0.221,0.202,0.188,0.186,0.185
577103,27,8509,0.221,0.201,0.188,0.186,0.185
579289,27,10695,0.221,0.201,0.188,0.186,0.186
581475,27,12881,0.221,0.201,0.188,0.185,0.185
583661,27,15067,0.221,0.201,0.188,0.186,0.186
585847,27,17253,0.221,0.201,0.188,0.186,0.185
588033,27,19439,0.221,0.201,0.188,0.186,0.185
590219,27,21625,0.221,0.201,0.188,0.186,0.186
592405,28,1942,0.221,0.2,0.188,0.186,0.185
594591,28,4128,0.218,0.2,0.188,0.185,0.185
596777,28,6314,0.218,0.2,0.188,0.186,0.185
598963,28,8500,0.221,0.2,0.188,0.185,0.184
601149,28,10686,0.221,0.2,0.188,0.186,0.185
603335,28,12872,0.221,0.2,0.187,0.185,0.185
605521,28,15058,0.221,0.2,0.188,0.185,0.185
607707,28,17244,0.221,0.2,0.187,0.186,0.185
609893,28,19430,0.221,0.199,0.188,0.185,0.185
612079,28,21616,0.221,0.199,0.187,0.185,0.185
614265,29,1933,0.221,0.199,0.187,0.185,0.185
616451,29,4119,0.218,0.199,0.187,0.186,0.185
618637,29,6305,0.221,0.199,0.187,0.186,0.185
620823,29,8491,0.221,0.198,0.187,0.185,0.185
623009,29,10677,0.221,0.198,0.187,0.185,0.185
625195,29,12863,0.221,0.198,0.187,0.186,0.185
627381,29,15049,0.221,0.198,0.187,0.186,0.185
629567,29,17235,0.221,0.198,0.187,0.185,0.185
631753,29,19421,0.221,0.197,0.187,0.186,0.185
633939,29,21607,0.221,0.197,0.187,0.185,0.185
636125,30,1924,0.221,0.197,0.187,0.185,0.185
638311,30,4110,0.221,0.197,0.187,0.185,0.185
640497,30,6296,0.221,0.197,0.187,0.185,0.185
642683,30,8482,0.221,0.197,0.187,0.185,0.185
644869,30,10668,0.221,0.197,0.187,0.185,0.185
647055,30,12854,0.221,0.197,0.187,0.185,0.185
649241,30,15040,0.221,0.197,0.187,0.185,0.185
651427,30,17226,0.221,0.196,0.187,0.185,0.185
653613,30,19412,0.221,0.196,0.187,0.185,0.185
655799,30,21598,0.221,0.196,0.187,0.185,0.185
657985,31,1915,0.221,0.196,0.187,0.185,0.185
660171,31,4101,0.221,0.196,0.186,0.185,0.185
662357,31,6287,0.221,0.196,0.187,0.185,0.185
664543,31,8473,0.221,0.196,0.186,0.185,0.184
666729,31,10659,0.221,0.195,0.186,0.185,0.185
668915,31,12845,0.221,0.195,0.187,0.185,0.184
671101,31,15031,0.221,0.195,0.186,0.185,0.185
673287,31,17217,0.221,0.195,0.187,0.185,0.185
675473,31,19403,0.221,0.195,0.186,0.185,0.184
677659,31,21589,0.221,0.195,0.186,0.185,0.185
679845,32,1906,0.221,0.195,0.187,0.185,0.184
682031,32,4092,0.221,0.195,0.186,0.185,0.185
684217,32,6278,0.221,0.195,0.187,0.185,0.185
686403,32,8464,0.221,0.195,0.186,0.185,0.184
688589,32,10650,0.221,0.195,0.187,0.185,0.184
690775,32,12836,0.221,0.195,0.187,0.185,0.185
692961,32,15022,0.221,0.194,0.187,0.185,0.185
695147,32,17208,0.221,0.194,0.187,0.185,0.185
697333,32,19394,0.221,0.194,0.187,0.185,0.184
699519,32,21580,0.221,0.194,0.186,0.185,0.184
701705,33,1897,0.221,0.194,0.187,0.185,0.185
703891,33,4083,0.221,0.194,0.187,0.185,0.185
706077,33,6269,0.221,0.194,0.186,0.185,0.184
708263,33,8455,0.221,0.195,0.187,0.185,0.184
710449,33,10641,0.221,0.194,0.187,0.185,0.184
712635,33,12827,0.221,0.195,0.187,0.185,0.184
714821,33,15013,0.221,0.194,0.187,0.185,0.185
717007,33,17199,0.221,0.194,0.187,0.185,0.184
719193,33,19385,0.221,0.194,0.187,0.185,0.184
721379,33,21571,0.221,0.194,0.187,0.185,0.184
723565,34,1888,0.221,0.194,0.187,0.185,0.184
725751,34,4074,0.221,0.194,0.186,0.185,0.184
727937,34,6260,0.221,0.194,0.187,0.185,0.184
730123,34,8446,0.221,0.194,0.186,0.185,0.185
732309,34,10632,0.221,0.194,0.187,0.185,0.184
734495,34,12818,0.221,0.194,0.186,0.185,0.184
736681,34,15004,0.221,0.194,0.187,0.185,0.184
738867,34,17190,0.221,0.193,0.187,0.185,0.184
741053,34,19376,0.221,0.193,0.187,0.185,0.184
743239,34,21562,0.221,0.194,0.187,0.185,0.184
745425,35,1879,0.221,0.193,0.187,0.185,0.184
747611,35,4065,0.222,0.193,0.187,0.185,0.184
749797,35,6251,0.222,0.193,0.186,0.185,0.184
751983,35,8437,0.222,0.193,0.186,0.184,0.184
754169,35,10623,0.222,0.193,0.187,0.185,0.184
756355,35,12809,0.222,0.193,0.187,0.185,0.184
758541,35,14995,0.222,0.193,0.187,0.185,0.184
760727,35,17181,0.222,0.193,0.187,0.185,0.184
762913,35,19367,0.222,0.193,0.187,0.185,0.184
765099,35,21553,0.222,0.193,0.187,0.185,0.184
767285,36,1870,0.222,0.193,0.187,0.185,0.184
769471,36,4056,0.222,0.193,0.187,0.185,0.184
771657,36,6242,0.222,0.193,0.187,0.185,0.184
773843,36,8428,0.222,0.193,0.186,0.184,0.184
776029,36,10614,0.222,0.193,0.187,0.185,0.184
778215,36,12800,0.221,0.193,0.186,0.184,0.184
780401,36,14986,0.222,0.192,0.187,0.185,0.184
782587,36,17172,0.222,0.192,0.187,0.185,0.184
784773,36,19358,0.222,0.192,0.187,0.185,0.184
786959,36,21544,0.222,0.193,0.186,0.185,0.184
789145,37,1861,0.222,0.192,0.187,0.185,0.184
791331,37,4047,0.222,0.192,0.187,0.185,0.184
793517,37,6233,0.222,0.192,0.186,0.184,0.184
795703,37,8419,0.222,0.193,0.187,0.184,0.184
797889,37,10605,0.222,0.192,0.187,0.184,0.184
800075,37,12791,0.222,0.192,0.187,0.185,0.184
802261,37,14977,0.222,0.192,0.187,0.184,0.184
804447,37,17163,0.222,0.192,0.187,0.185,0.184
806633,37,19349,0.222,0.192,0.187,0.184,0.184
808819,37,21535,0.222,0.192,0.186,0.184,0.184
811005,38,1852,0.222,0.192,0.186,0.185,0.184
813191,38,4038,0.222,0.192,0.186,0.185,0.184
815377,38,6224,0.222,0.192,0.186,0.185,0.184
817563,38,8410,0.222,0.192,0.187,0.184,0.184
819749,38,10596,0.222,0.192,0.187,0.184,0.184
821935,38,12782,0.222,0.192,0.187,0.184,0.184
824121,38,14968,0.222,0.192,0.187,0.185,0.184
826307,38,17154,0.219,0.192,0.187,0.184,0.184
828493,38,19340,0.219,0.192,0.186,0.184,0.184
830679,38,21526,0.222,0.192,0.187,0.185,0.184
832865,39,1843,0.219,0.192,0.186,0.184,0.184
835051,39,4029,0.219,0.192,0.187,0.185,0.184
837237,39,6215,0.219,0.192,0.186,0.184,0.184
839423,39,8401,0.219,0.192,0.186,0.184,0.184
841609,39,10587,0.219,0.192,0.186,0.184,0.184
843795,39,12773,0.222,0.192,0.186,0.184,0.184
845981,39,14959,0.222,0.192,0.186,0.184,0.184
848167,39,17145,0.222,0.192,0.187,0.184,0.184
850353,39,19331,0.222,0.192,0.186,0.184,0.184
852539,39,21517,0.219,0.192,0.187,0.184,0.184
854725,40,1834,0.219,0.192,0.187,0.184,0.184
856911,40,4020,0.219,0.192,0.186,0.184,0.184
859097,40,6206,0.219,0.192,0.186,0.184,0.184
861283,40,8392,0.219,0.192,0.186,0.184,0.184
863469,40,10578,0.219,0.192,0.187,0.184,0.184
865655,40,12764,0.219,0.192,0.186,0.184,0.184
867841,40,14950,0.219,0.192,0.186,0.184,0.184
870027,40,17136,0.219,0.192,0.187,0.184,0.184
872213,40,19322,0.219,0.192,0.186,0.184,0.184
874399,40,21508,0.219,0.192,0.186,0.184,0.184
876585,41,1825,0.219,0.192,0.186,0.184,0.184
878771,41,4011,0.219,0.192,0.186,0.184,0.184
880957,41,6197,0.219,0.192,0.186,0.184,0.184
883143,41,8383,0.219,0.192,0.186,0.184,0.184
885329,41,10569,0.219,0.192,0.187,0.184,0.184
887515,41,12755,0.219,0.192,0.186,0.184,0.184
889701,41,14941,0.219,0.192,0.186,0.184,0.184
891887,41,17127,0.219,0.192,0.187,0.184,0.184
894073,41,19313,0.219,0.192,0.186,0.184,0.183
896259,41,21499,0.219,0.192,0.186,0.184,0.184
898445,42,1816,0.219,0.192,0.187,0.184,0.184
900631,42,4002,0.219,0.192,0.186,0.184,0.184
902817,42,6188,0.219,0.192,0.187,0.184,0.184
905003,42,8374,0.22,0.192,0.186,0.184,0.184
907189,42,10560,0.22,0.192,0.186,0.184,0.184
909375,42,12746,0.219,0.192,0.186,0.184,0.183
911561,42,14932,0.219,0.192,0.186,0.184,0.183
913747,42,17118,0.219,0.192,0.187,0.184,0.184
915933,42,19304,0.219,0.192,0.186,0.184,0.183
918119,42,21490,0.22,0.192,0.186,0.184,0.183
920305,43,1807,0.22,0.192,0.186,0.184,0.184
922491,43,3993,0.219,0.192,0.186,0.184,0.183
924677,43,6179,0.22,0.192,0.186,0.184,0.183
926863,43,8365,0.219,0.192,0.186,0.183,0.183
929049,43,10551,0.22,0.192,0.186,0.183,0.184
931235,43,12737,0.22,0.192,0.186,0.184,0.184
933421,43,14923,0.219,0.192,0.186,0.184,0.184
935607,43,17109,0.22,0.192,0.186,0.184,0.183
937793,43,19295,0.219,0.192,0.186,0.183,0.183
939979,43,21481,0.219,0.192,0.186,0.183,0.183
942165,44,1798,0.22,0.192,0.186,0.184,0.184
944351,44,3984,0.219,0.192,0.186,0.183,0.184
946537,44,6170,0.22,0.192,0.186,0.184,0.184
948723,44,8356,0.22,0.192,0.186,0.184,0.183
950909,44,10542,0.22,0.192,0.186,0.183,0.183
953095,44,12728,0.22,0.192,0.186,0.183,0.183
955281,44,14914,0.22,0.192,0.186,0.184,0.183
957467,44,17100,0.22,0.191,0.186,0.184,0.184
959653,44,19286,0.22,0.191,0.186,0.184,0.184
961839,44,21472,0.219,0.192,0.186,0.183,0.184
964025,45,1789,0.22,0.191,0.186,0.184,0.184
966211,45,3975,0.22,0.191,0.186,0.183,0.184
968397,45,6161,0.22,0.191,0.186,0.184,0.183
970583,45,8347,0.22,0.192,0.186,0.183,0.183
972769,45,10533,0.22,0.191,0.186,0.183,0.183
974955,45,12719,0.219,0.192,0.186,0.183,0.183
977141,45,14905,0.22,0.192,0.186,0.183,0.183
979327,45,17091,0.22,0.192,0.186,0.183,0.183
981513,45,19277,0.22,0.191,0.186,0.184,0.183
983699,45,21463,0.22,0.191,0.186,0.183,0.183
985885,46,1780,0.22,0.191,0.186,0.184,0.184
988071,46,3966,0.22,0.191,0.186,0.183,0.183
990257,46,6152,0.22,0.191,0.186,0.184,0.183
992443,46,8338,0.22,0.191,0.186,0.183,0.183
994629,46,10524,0.22,0.191,0.186,0.183,0.183
996815,46,12710,0.22,0.191,0.186,0.183,0.183
999001,46,14896,0.219,0.191,0.186,0.183,0.183
1001187,46,17082,0.22,0.191,0.186,0.184,0.184
1003373,46,19268,0.22,0.191,0.186,0.183,0.183
1005559,46,21454,0.22,0.191,0.186,0.184,0.183
1007745,47,1771,0.22,0.191,0.186,0.184,0.184
1009931,47,3957,0.22,0.191,0.186,0.183,0.183
1012117,47,6143,0.22,0.191,0.186,0.183,0.183
1014303,47,8329,0.219,0.191,0.186,0.183,0.183
1016489,47,10515,0.219,0.191,0.186,0.184,0.183
1018675,47,12701,0.22,0.191,0.186,0.184,0.183
1020861,47,14887,0.219,0.191,0.186,0.184,0.183
1023047,47,17073,0.22,0.191,0.186,0.184,0.183
1025233,47,19259,0.22,0.191,0.186,0.183,0.183
1027419,47,21445,0.22,0.191,0.186,0.183,0.183
1029605,48,1762,0.219,0.191,0.186,0.183,0.183
1031791,48,3948,0.219,0.191,0.186,0.183,0.183
1033977,48,6134,0.219,0.191,0.186,0.183,0.183
1036163,48,8320,0.219,0.191,0.186,0.183,0.183
1038349,48,10506,0.219,0.191,0.186,0.184,0.183
1040535,48,12692,0.219,0.191,0.186,0.184,0.183
1042721,48,14878,0.219,0.191,0.186,0.183,0.184
1044907,48,17064,0.22,0.191,0.186,0.184,0.183
1047093,48,19250,0.22,0.191,0.186,0.183,0.183
1049279,48,21436,0.219,0.191,0.186,0.183,0.183
1051465,49,1753,0.22,0.191,0.186,0.184,0.183
1053651,49,3939,0.219,0.191,0.186,0.183,0.183
1055837,49,6125,0.22,0.191,0.186,0.183,0.183
1058023,49,8311,0.219,0.191,0.186,0.183,0.183
1060209,49,10497,0.22,0.191,0.186,0.183,0.183
1062395,49,12683,0.22,0.191,0.186,0.183,0.183
1064581,49,14869,0.219,0.191,0.186,0.183,0.184
1066767,49,17055,0.22,0.191,0.186,0.184,0.183
1068953,49,19241,0.219,0.191,0.186,0.183,0.184
1071139,49,21427,0.22,0.191,0.186,0.183,0.183
1073325,50,1744,0.22,0.191,0.186,0.183,0.183
1075511,50,3930,0.219,0.191,0.186,0.184,0.183
1077697,50,6116,0.219,0.191,0.186,0.184,0.183
1079883,50,8302,0.219,0.191,0.186,0.183,0.183
1082069,50,10488,0.22,0.191,0.186,0.183,0.183
1084255,50,12674,0.219,0.191,0.186,0.183,0.183
1086441,50,14860,0.219,0.191,0.186,0.184,0.183
1088627,50,17046,0.22,0.191,0.186,0.184,0.183
1090813,50,19232,0.22,0.191,0.186,0.183,0.183
1092999,50,21418,0.22,0.191,0.186,0.183,0.183
1095185,51,1735,0.22,0.191,0.186,0.183,0.183
1097371,51,3921,0.22,0.191,0.186,0.184,0.183
1099557,51,6107,0.219,0.191,0.186,0.183,0.183
1101743,51,8293,0.219,0.191,0.186,0.183,0.183
1103929,51,10479,0.22,0.191,0.186,0.183,0.183
1106115,51,12665,0.22,0.191,0.186,0.183,0.183
1108301,51,14851,0.219,0.191,0.186,0.184,0.183
1110487,51,17037,0.22,0.191,0.186,0.184,0.183
1112673,51,19223,0.22,0.191,0.186,0.183,0.183
1114859,51,21409,0.219,0.191,0.186,0.183,0.183
1117045,52,1726,0.22,0.191,0.186,0.183,0.183
1119231,52,3912,0.22,0.191,0.186,0.183,0.183
1121417,52,6098,0.219,0.191,0.186,0.183,0.183
1123603,52,8284,0.22,0.191,0.186,0.183,0.183
1125789,52,10470,0.22,0.191,0.186,0.183,0.183
1127975,52,12656,0.22,0.191,0.186,0.183,0.183
1130161,52,14842,0.22,0.191,0.186,0.183,0.183
1132347,52,17028,0.22,0.191,0.186,0.183,0.183
1134533,52,19214,0.22,0.191,0.186,0.183,0.183
1136719,52,21400,0.219,0.191,0.186,0.183,0.183
1138905,53,1717,0.22,0.191,0.186,0.183,0.183
1141091,53,3903,0.22,0.191,0.186,0.183,0.183
1143277,53,6089,0.22,0.191,0.186,0.183,0.183
1145463,53,8275,0.22,0.191,0.186,0.183,0.183
1147649,53,10461,0.22,0.191,0.186,0.183,0.183
1149835,53,12647,0.22,0.191,0.186,0.183,0.183
1152021,53,14833,0.22,0.191,0.186,0.183,0.183
1154207,53,17019,0.22,0.191,0.186,0.183,0.183
1156393,53,19205,0.22,0.191,0.186,0.183,0.183
1158579,53,21391,0.22,0.191,0.186,0.183,0.183
1160765,54,1708,0.22,0.191,0.186,0.183,0.182
1162951,54,3894,0.22,0.191,0.186,0.183,0.182
1165137,54,6080,0.22,0.191,0.186,0.183,0.183
1167323,54,8266,0.22,0.191,0.186,0.183,0.182
1169509,54,10452,0.22,0.191,0.186,0.183,0.183
1171695,54,12638,0.22,0.191,0.186,0.183,0.182
1173881,54,14824,0.22,0.191,0.186,0.183,0.183
1176067,54,17010,0.22,0.191,0.186,0.183,0.182
1178253,54,19196,0.22,0.191,0.186,0.183,0.182
1180439,54,21382,0.22,0.191,0.186,0.183,0.183
1182625,55,1699,0.22,0.191,0.186,0.183,0.182
1184811,55,3885,0.22,0.191,0.186,0.183,0.183
1186997,55,6071,0.22,0.191,0.186,0.183,0.183
1189183,55,8257,0.22,0.191,0.186,0.183,0.182
1191369,55,10443,0.22,0.191,0.186,0.183,0.182
1193555,55,12629,0.22,0.191,0.186,0.183,0.183
1195741,55,14815,0.22,0.191,0.186,0.183,0.183
1197927,55,17001,0.22,0.191,0.186,0.183,0.182
1200113,55,19187,0.22,0.191,0.186,0.183,0.183
1202299,55,21373,0.22,0.191,0.186,0.183,0.183
1204485,56,1690,0.22,0.191,0.186,0.183,0.182
1206671,56,3876,0.22,0.191,0.186,0.183,0.182
1208857,56,6062,0.22,0.191,0.186,0.183,0.182
1211043,56,8248,0.22,0.191,0.186,0.183,0.182
1213229,56,10434,0.22,0.191,0.186,0.183,0.182
1215415,56,12620,0.22,0.191,0.186,0.183,0.182
1217601,56,14806,0.22,0.191,0.186,0.183,0.183
1219787,56,16992,0.22,0.191,0.186,0.183,0.182
1221973,56,19178,0.22,0.191,0.186,0.183,0.182
1224159,56,21364,0.22,0.191,0.186,0.183,0.182
1226345,57,1681,0.22,0.191,0.186,0.183,0.182
1228531,57,3867,0.22,0.191,0.186,0.183,0.182
1230717,57,6053,0.22,0.191,0.186,0.183,0.182
1232903,57,8239,0.22,0.191,0.186,0.183,0.182
1235089,57,10425,0.22,0.191,0.186,0.183,0.182
1237275,57,12611,0.22,0.191,0.186,0.183,0.182
1239461,57,14797,0.22,0.191,0.186,0.183,0.183
1241647,57,16983,0.22,0.191,0.186,0.183,0.182
1243833,57,19169,0.22,0.191,0.186,0.183,0.182
1246019,57,21355,0.22,0.191,0.186,0.183,0.183
1248205,58,1672,0.22,0.191,0.186,0.183,0.183
1250391,58,3858,0.22,0.191,0.186,0.183,0.183
1252577,58,6044,0.218,0.191,0.186,0.183,0.182
1254763,58,8230,0.22,0.191,0.186,0.183,0.182
1256949,58,10416,0.22,0.191,0.186,0.183,0.182
1259135,58,12602,0.22,0.191,0.186,0.183,0.182
1261321,58,14788,0.22,0.191,0.186,0.183,0.182
1263507,58,16974,0.22,0.191,0.186,0.183,0.182
1265693,58,19160,0.22,0.191,0.186,0.183,0.182
1267879,58,21346,0.22,0.191,0.186,0.183,0.182
1270065,59,1663,0.22,0.191,0.186,0.183,0.183
1272251,59,3849,0.22,0.191,0.186,0.183,0.182
1274437,59,6035,0.22,0.191,0.186,0.183,0.182
1276623,59,8221,0.22,0.191,0.186,0.183,0.182
1278809,59,10407,0.22,0.191,0.186,0.183,0.182
1280995,59,12593,0.22,0.191,0.186,0.183,0.182
1283181,59,14779,0.22,0.191,0.186,0.183,0.182
1285367,59,16965,0.22,0.191,0.186,0.183,0.182
1287553,59,19151,0.22,0.191,0.186,0.183,0.182
1289739,59,21337,0.22,0.191,0.186,0.183,0.182
1291925,60,1654,0.22,0.191,0.186,0.183,0.182
1294111,60,3840,0.218,0.191,0.186,0.183,0.182
1296297,60,6026,0.218,0.191,0.186,0.183,0.182
1298483,60,8212,0.219,0.191,0.186,0.183,0.182
1300669,60,10398,0.22,0.191,0.186,0.183,0.182
1302855,60,12584,0.22,0.191,0.186,0.183,0.182
1305041,60,14770,0.219,0.191,0.186,0.183,0.182
1307227,60,16956,0.219,0.191,0.186,0.183,0.183
1309413,60,19142,0.22,0.191,0.186,0.183,0.182
1311599,60,21328,0.22,0.191,0.186,0.183,0.182
1313785,61,1645,0.218,0.191,0.186,0.183,0.182
1315971,61,3831,0.218,0.191,0.186,0.183,0.182
1318157,61,6017,0.218,0.191,0.186,0.183,0.182
1320343,61,8203,0.219,0.191,0.186,0.183,0.182
1322529,61,10389,0.22,0.191,0.186,0.183,0.182
1324715,61,12575,0.218,0.191,0.186,0.183,0.182
1326901,61,14761,0.22,0.191,0.186,0.183,0.182
1329087,61,16947,0.218,0.191,0.186,0.183,0.182
1331273,61,19133,0.218,0.191,0.186,0.183,0.182
1333459,61,21319,0.218,0.191,0.186,0.183,0.182
1335645,62,1636,0.218,0.191,0.186,0.183,0.182
1337831,62,3822,0.218,0.191,0.186,0.183,0.182
1340017,62,6008,0.218,0.191,0.186,0.183,0.182
1342203,62,8194,0.218,0.191,0.186,0.183,0.182
1344389,62,10380,0.22,0.191,0.186,0.183,0.182
1346575,62,12566,0.218,0.191,0.186,0.183,0.182
1348761,62,14752,0.218,0.191,0.186,0.183,0.182
1350947,62,16938,0.218,0.191,0.186,0.183,0.183
1353133,62,19124,0.218,0.191,0.186,0.183,0.182
1355319,62,21310,0.218,0.191,0.186,0.183,0.182
1357505,63,1627,0.218,0.191,0.186,0.183,0.182
1359691,63,3813,0.218,0.191,0.186,0.183,0.182
1361877,63,5999,0.218,0.191,0.186,0.183,0.182
1364063,63,8185,0.218,0.191,0.186,0.183,0.182
1366249,63,10371,0.218,0.191,0.186,0.183,0.182
1368435,63,12557,0.218,0.191,0.185,0.183,0.182
1370621,63,14743,0.218,0.191,0.186,0.183,0.182
1372807,63,16929,0.218,0.191,0.186,0.183,0.182
1374993,63,19115,0.218,0.191,0.186,0.183,0.182
1377179,63,21301,0.218,0.191,0.186,0.183,0.183
1379365,64,1618,0.218,0.191,0.186,0.183,0.182
1381551,64,3804,0.218,0.191,0.185,0.183,0.182
1383737,64,5990,0.218,0.191,0.186,0.183,0.182
1385923,64,8176,0.218,0.191,0.186,0.183,0.182
1388109,64,10362,0.218,0.191,0.186,0.183,0.182
1390295,64,12548,0.218,0.191,0.186,0.183,0.182
1392481,64,14734,0.218,0.191,0.186,0.183,0.183
1394667,64,16920,0.218,0.191,0.186,0.183,0.183
1396853,64,19106,0.218,0.191,0.186,0.183,0.182
1399039,64,21292,0.218,0.191,0.186,0.183,0.182
1401225,65,1609,0.218,0.191,0.185,0.183,0.182
1403411,65,3795,0.218,0.191,0.186,0.183,0.182
1405597,65,5981,0.218,0.191,0.186,0.183,0.182
1407783,65,8167,0.218,0.191,0.186,0.183,0.181
1409969,65,10353,0.218,0.191,0.185,0.183,0.182
1412155,65,12539,0.218,0.191,0.186,0.183,0.182
1414341,65,14725,0.218,0.191,0.186,0.183,0.182
1416527,65,16911,0.218,0.191,0.186,0.183,0.183
1418713,65,19097,0.218,0.191,0.186,0.183,0.182
1420899,65,21283,0.217,0.191,0.186,0.183,0.182
1423085,66,1600,0.218,0.191,0.186,0.183,0.183
1425271,66,3786,0.218,0.191,0.186,0.183,0.182
1427457,66,5972,0.218,0.191,0.185,0.183,0.182
1429643,66,8158,0.218,0.191,0.186,0.183,0.182
1431829,66,10344,0.218,0.191,0.186,0.183,0.182
1434015,66,12530,0.218,0.191,0.186,0.183,0.182
1436201,66,14716,0.218,0.191,0.185,0.183,0.183
1438387,66,16902,0.218,0.191,0.186,0.183,0.183
1440573,66,19088,0.218,0.191,0.186,0.183,0.182
1442759,66,21274,0.218,0.191,0.185,0.183,0.183
1444945,67,1591,0.218,0.191,0.186,0.183,0.182
1447131,67,3777,0.218,0.191,0.186,0.183,0.182
1449317,67,5963,0.218,0.191,0.186,0.183,0.182
1451503,67,8149,0.218,0.191,0.185,0.183,0.182
1453689,67,10335,0.218,0.19,0.186,0.183,0.182
1455875,67,12521,0.218,0.19,0.186,0.183,0.182
1458061,67,14707,0.218,0.191,0.186,0.183,0.182
1460247,67,16893,0.218,0.19,0.186,0.183,0.183
1462433,67,19079,0.218,0.19,0.186,0.183,0.182
1464619,67,21265,0.218,0.191,0.185,0.183,0.182
1466805,68,1582,0.218,0.191,0.185,0.183,0.182
1468991,68,3768,0.218,0.19,0.185,0.183,0.182
1471177,68,5954,0.218,0.191,0.185,0.183,0.182
1473363,68,8140,0.218,0.191,0.186,0.183,0.182
1475549,68,10326,0.218,0.191,0.186,0.183,0.183
1477735,68,12512,0.218,0.191,0.186,0.183,0.182
1479921,68,14698,0.218,0.191,0.186,0.183,0.183
1482107,68,16884,0.218,0.191,0.186,0.183,0.183
1484293,68,19070,0.218,0.191,0.185,0.183,0.182
1486479,68,21256,0.218,0.191,0.185,0.183,0.182
1488665,69,1573,0.218,0.191,0.186,0.183,0.182
1490851,69,3759,0.218,0.191,0.186,0.183,0.182
1493037,69,5945,0.218,0.191,0.185,0.183,0.183
1495223,69,8131,0.218,0.191,0.186,0.183,0.183
1497409,69,10317,0.218,0.19,0.186,0.183,0.182
1499595,69,12503,0.218,0.191,0.185,0.183,0.181
1501781,69,14689,0.218,0.191,0.186,0.183,0.182
1503967,69,16875,0.218,0.191,0.186,0.183,0.182
1506153,69,19061,0.218,0.191,0.186,0.183,0.182
1508339,69,21247,0.218,0.191,0.186,0.183,0.183
1510525,70,1564,0.218,0.191,0.186,0.183,0.182
1512711,70,3750,0.218,0.191,0.185,0.183,0.182
1514897,70,5936,0.218,0.191,0.185,0.183,0.183
1517083,70,8122,0.218,0.191,0.186,0.183,0.182
1519269,70,10308,0.218,0.19,0.186,0.183,0.182
1521455,70,12494,0.218,0.191,0.185,0.183,0.182
1523641,70,14680,0.218,0.191,0.186,0.183,0.183
1525827,70,16866,0.218,0.19,0.186,0.183,0.182
1528013,70,19052,0.218,0.191,0.185,0.183,0.183
1530199,70,21238,0.218,0.191,0.185,0.183,0.183
1532385,71,1555,0.218,0.191,0.185,0.183,0.182
1534571,71,3741,0.218,0.19,0.185,0.183,0.182
1536757,71,5927,0.218,0.191,0.185,0.183,0.182
1538943,71,8113,0.218,0.191,0.185,0.183,0.182
1541129,71,10299,0.218,0.19,0.186,0.183,0.183
1543315,71,12485,0.218,0.191,0.185,0.183,0.182
1545501,71,14671,0.218,0.19,0.185,0.183,0.183
1547687,71,16857,0.218,0.19,0.186,0.183,0.182
1549873,71,19043,0.218,0.19,0.185,0.183,0.182
1552059,71,21229,0.218,0.19,0.186,0.183,0.183
1554245,72,1546,0.218,0.191,0.186,0.183,0.182
1556431,72,3732,0.218,0.191,0.185,0.183,0.182
1558617,72,5918,0.218,0.191,0.185,0.183,0.182
1560803,72,8104,0.218,0.191,0.185,0.183,0.182
1562989,72,10290,0.218,0.19,0.185,0.183,0.182
1565175,72,12476,0.218,0.191,0.185,0.183,0.182
1567361,72,14662,0.218,0.19,0.185,0.183,0.183
1569547,72,16848,0.218,0.19,0.186,0.183,0.183
1571733,72,19034,0.218,0.19,0.185,0.183,0.182
1573919,72,21220,0.218,0.19,0.185,0.183,0.182
1576105,73,1537,0.218,0.191,0.186,0.183,0.182
1578291,73,3723,0.218,0.19,0.185,0.183,0.182
1580477,73,5909,0.218,0.19,0.185,0.183,0.182
1582663,73,8095,0.218,0.191,0.185,0.183,0.181
1584849,73,10281,0.218,0.19,0.185,0.183,0.182
1587035,73,12467,0.218,0.19,0.185,0.183,0.181
1589221,73,14653,0.218,0.19,0.186,0.183,0.183
1591407,73,16839,0.218,0.19,0.186,0.183,0.182
1593593,73,19025,0.218,0.19,0.185,0.183,0.183
1595779,73,21211,0.218,0.19,0.185,0.183,0.183
1597965,74,1528,0.218,0.19,0.185,0.182,0.183
1600151,74,3714,0.218,0.19,0.185,0.183,0.182
1602337,74,5900,0.218,0.19,0.185,0.183,0.183
1604523,74,8086,0.218,0.191,0.185,0.183,0.181
1606709,74,10272,0.218,0.19,0.186,0.183,0.183
1608895,74,12458,0.218,0.19,0.185,0.183,0.181
1611081,74,14644,0.218,0.19,0.186,0.183,0.183
1613267,74,16830,0.218,0.19,0.186,0.182,0.182
1615453,74,19016,0.218,0.19,0.185,0.183,0.182
1617639,74,21202,0.218,0.19,0.185,0.183,0.183
1619825,75,1519,0.218,0.191,0.185,0.183,0.183
1622011,75,3705,0.218,0.19,0.185,0.183,0.183
1624197,75,5891,0.218,0.191,0.185,0.183,0.183
1626383,75,8077,0.218,0.191,0.185,0.183,0.182
1628569,75,10263,0.218,0.19,0.185,0.183,0.182
1630755,75,12449,0.218,0.19,0.185,0.182,0.182
1632941,75,14635,0.218,0.191,0.185,0.183,0.183
1635127,75,16821,0.218,0.19,0.185,0.183,0.182
1637313,75,19007,0.218,0.19,0.185,0.183,0.182
1639499,75,21193,0.218,0.19,0.185,0.182,0.183
1641685,76,1510,0.218,0.19,0.185,0.183,0.183
1643871,76,3696,0.218,0.19,0.185,0.182,0.182
1646057,76,5882,0.218,0.19,0.185,0.183,0.183
1648243,76,8068,0.218,0.191,0.185,0.183,0.182
1650429,76,10254,0.218,0.19,0.185,0.183,0.182
1652615,76,12440,0.218,0.19,0.185,0.183,0.182
1654801,76,14626,0.218,0.19,0.185,0.183,0.183
1656987,76,16812,0.218,0.19,0.185,0.182,0.183
1659173,76,18998,0.218,0.19,0.185,0.183,0.182
1661359,76,21184,0.218,0.19,0.186,0.183,0.182
1663545,77,1501,0.218,0.19,0.185,0.183,0.182
1665731,77,3687,0.218,0.19,0.185,0.183,0.182
1667917,77,5873,0.218,0.19,0.185,0.183,0.182
1670103,77,8059,0.218,0.191,0.185,0.183,0.181
1672289,77,10245,0.218,0.19,0.185,0.183,0.183
1674475,77,12431,0.218,0.19,0.185,0.183,0.182
1676661,77,14617,0.218,0.19,0.185,0.183,0.183
1678847,77,16803,0.218,0.19,0.185,0.183,0.183
1681033,77,18989,0.218,0.19,0.185,0.182,0.182
1683219,77,21175,0.218,0.191,0.185,0.183,0.182
1685405,78,1492,0.218,0.19,0.185,0.182,0.182
1687591,78,3678,0.218,0.19,0.185,0.182,0.183
1689777,78,5864,0.218,0.19,0.185,0.183,0.183
1691963,78,8050,0.218,0.191,0.185,0.183,0.182
1694149,78,10236,0.218,0.19,0.185,0.183,0.182
1696335,78,12422,0.218,0.19,0.185,0.182,0.182
1698521,78,14608,0.218,0.19,0.185,0.182,0.183
1700707,78,16794,0.218,0.19,0.185,0.183,0.183
1702893,78,18980,0.218,0.19,0.185,0.183,0.182
1705079,78,21166,0.218,0.191,0.185,0.182,0.182
1707265,79,1483,0.218,0.191,0.185,0.183,0.183
1709451,79,3669,0.218,0.191,0.185,0.182,0.182
1711637,79,5855,0.218,0.191,0.185,0.183,0.183
1713823,79,8041,0.218,0.191,0.185,0.183,0.182
1716009,79,10227,0.218,0.19,0.185,0.183,0.183
1718195,79,12413,0.218,0.19,0.185,0.182,0.181
1720381,79,14599,0.218,0.19,0.185,0.182,0.183
1722567,79,16785,0.218,0.19,0.185,0.182,0.182
1724753,79,18971,0.218,0.191,0.185,0.182,0.183
1726939,79,21157,0.218,0.191,0.185,0.182,0.182
1729125,80,1474,0.218,0.191,0.185,0.182,0.182
1731311,80,3660,0.218,0.191,0.185,0.182,0.182
1733497,80,5846,0.218,0.191,0.185,0.182,0.183
1735683,80,8032,0.218,0.191,0.185,0.183,0.182
1737869,80,10218,0.218,0.19,0.185,0.182,0.183
1740055,80,12404,0.218,0.19,0.185,0.182,0.182
1742241,80,14590,0.218,0.19,0.185,0.183,0.183
1744427,80,16776,0.218,0.19,0.185,0.182,0.182
1746613,80,18962,0.218,0.19,0.185,0.182,0.183
1748799,80,21148,0.218,0.19,0.185,0.182,0.183
1750985,81,1465,0.218,0.191,0.185,0.182,0.182
1753171,81,3651,0.218,0.19,0.185,0.182,0.183
1755357,81,5837,0.218,0.191,0.185,0.182,0.183
1757543,81,8023,0.218,0.191,0.185,0.182,0.181
1759729,81,10209,0.218,0.191,0.185,0.182,0.183
1761915,81,12395,0.218,0.19,0.185,0.182,0.182
1764101,81,14581,0.218,0.19,0.185,0.183,0.183
1766287,81,16767,0.218,0.19,0.185,0.182,0.182
1768473,81,18953,0.218,0.19,0.185,0.182,0.182
1770659,81,21139,0.218,0.19,0.185,0.182,0.182
1772845,82,1456,0.218,0.191,0.185,0.182,0.182
1775031,82,3642,0.218,0.191,0.185,0.182,0.182
1777217,82,5828,0.218,0.191,0.185,0.182,0.182
1779403,82,8014,0.218,0.191,0.185,0.183,0.182
1781589,82,10200,0.218,0.19,0.185,0.182,0.183
1783775,82,12386,0.218,0.191,0.185,0.183,0.182
1785961,82,14572,0.218,0.191,0.185,0.182,0.183
1788147,82,16758,0.218,0.19,0.185,0.183,0.184
1790333,82,18944,0.218,0.19,0.185,0.182,0.182
1792519,82,21130,0.218,0.19,0.185,0.182,0.183
1794705,83,1447,0.218,0.19,0.185,0.183,0.183
1796891,83,3633,0.218,0.19,0.185,0.182,0.182
1799077,83,5819,0.218,0.19,0.185,0.182,0.182
1801263,83,8005,0.218,0.191,0.185,0.182,0.182
1803449,83,10191,0.218,0.19,0.185,0.182,0.182
1805635,83,12377,0.218,0.19,0.185,0.182,0.182
1807821,83,14563,0.218,0.19,0.185,0.183,0.183
1810007,83,16749,0.218,0.19,0.185,0.182,0.182
1812193,83,18935,0.218,0.19,0.185,0.182,0.182
1814379,83,21121,0.218,0.19,0.185,0.182,0.183
1816565,84,1438,0.218,0.19,0.185,0.182,0.182
1818751,84,3624,0.218,0.19,0.185,0.182,0.182
1820937,84,5810,0.218,0.191,0.185,0.182,0.183
1823123,84,7996,0.218,0.191,0.185,0.182,0.181
1825309,84,10182,0.218,0.19,0.185,0.182,0.184
1827495,84,12368,0.218,0.19,0.185,0.182,0.182
1829681,84,14554,0.218,0.19,0.185,0.182,0.182
1831867,84,16740,0.218,0.19,0.185,0.182,0.183
1834053,84,18926,0.218,0.191,0.185,0.183,0.183
1836239,84,21112,0.218,0.19,0.185,0.182,0.182
1838425,85,1429,0.218,0.19,0.185,0.182,0.182
1840611,85,3615,0.218,0.19,0.185,0.183,0.183
1842797,85,5801,0.218,0.19,0.185,0.182,0.183
1844983,85,7987,0.218,0.191,0.185,0.183,0.182
1847169,85,10173,0.218,0.19,0.185,0.182,0.181
1849355,85,12359,0.218,0.19,0.185,0.182,0.183
1851541,85,14545,0.218,0.191,0.185,0.182,0.182
1853727,85,16731,0.218,0.19,0.185,0.183,0.183
1855913,85,18917,0.218,0.19,0.185,0.182,0.183
1858099,85,21103,0.218,0.19,0.185,0.182,0.182
1860285,86,1420,0.218,0.191,0.185,0.182,0.183
1862471,86,3606,0.218,0.19,0.185,0.182,0.183
1864657,86,5792,0.218,0.19,0.185,0.182,0.182
1866843,86,7978,0.218,0.191,0.185,0.182,0.182
1869029,86,10164,0.218,0.19,0.185,0.182,0.183
1871215,86,12350,0.218,0.19,0.185,0.182,0.182
1873401,86,14536,0.218,0.191,0.185,0.183,0.183
1875587,86,16722,0.218,0.19,0.185,0.183,0.182
1877773,86,18908,0.218,0.19,0.185,0.183,0.182
1879959,86,21094,0.218,0.19,0.185,0.182,0.183
1882145,87,1411,0.218,0.191,0.185,0.182,0.183
1884331,87,3597,0.218,0.19,0.185,0.182,0.183
1886517,87,5783,0.218,0.19,0.185,0.182,0.183
1888703,87,7969,0.218,0.191,0.185,0.182,0.182
1890889,87,10155,0.218,0.19,0.185,0.182,0.183
1893075,87,12341,0.218,0.19,0.185,0.182,0.183
1895261,87,14527,0.218,0.19,0.185,0.182,0.183
1897447,87,16713,0.218,0.19,0.185,0.182,0.183
1899633,87,18899,0.218,0.19,0.185,0.183,0.182
1901819,87,21085,0.218,0.191,0.185,0.182,0.183
1904005,88,1402,0.218,0.19,0.185,0.183,0.183
1906191,88,3588,0.218,0.19,0.185,0.182,0.183
1908377,88,5774,0.218,0.19,0.185,0.182,0.183
1910563,88,7960,0.218,0.191,0.185,0.182,0.181
1912749,88,10146,0.218,0.19,0.185,0.182,0.182
1914935,88,12332,0.218,0.19,0.185,0.182,0.182
1917121,88,14518,0.218,0.19,0.185,0.182,0.183
1919307,88,16704,0.218,0.19,0.185,0.182,0.183
1921493,88,18890,0.218,0.19,0.185,0.182,0.182
1923679,88,21076,0.218,0.19,0.185,0.182,0.183
1925865,89,1393,0.218,0.19,0.184,0.182,0.182
1928051,89,3579,0.218,0.19,0.185,0.182,0.182
1930237,89,5765,0.218,0.19,0.185,0.182,0.183
1932423,89,7951,0.218,0.191,0.185,0.182,0.182
1934609,89,10137,0.218,0.19,0.185,0.182,0.183
1936795,89,12323,0.218,0.19,0.185,0.182,0.183
1938981,89,14509,0.218,0.19,0.185,0.182,0.183
1941167,89,16695,0.218,0.19,0.185,0.182,0.183
1943353,89,18881,0.218,0.191,0.185,0.182,0.183
1945539,89,21067,0.218,0.19,0.185,0.182,0.183
1947725,90,1384,0.218,0.19,0.185,0.182,0.182
1949911,90,3570,0.218,0.191,0.185,0.182,0.183
1952097,90,5756,0.218,0.191,0.185,0.182,0.183
1954283,90,7942,0.218,0.191,0.185,0.182,0.181
1956469,90,10128,0.218,0.19,0.185,0.182,0.182
1958655,90,12314,0.218,0.19,0.185,0.182,0.181
1960841,90,14500,0.218,0.19,0.185,0.182,0.183
1963027,90,16686,0.218,0.19,0.185,0.182,0.183
1965213,90,18872,0.218,0.19,0.185,0.182,0.183
1967399,90,21058,0.218,0.19,0.185,0.182,0.182
1969585,91,1375,0.218,0.19,0.185,0.182,0.182
1971771,91,3561,0.218,0.19,0.185,0.182,0.184
1973957,91,5747,0.218,0.191,0.185,0.182,0.182
1976143,91,7933,0.218,0.191,0.185,0.182,0.183
1978329,91,10119,0.218,0.19,0.185,0.182,0.183
1980515,91,12305,0.218,0.191,0.185,0.182,0.182
1982701,91,14491,0.218,0.191,0.185,0.182,0.183
1984887,91,16677,0.218,0.191,0.185,0.182,0.183
1987073,91,18863,0.218,0.19,0.185,0.182,0.182
1989259,91,21049,0.218,0.191,0.185,0.182,0.183
1991445,92,1366,0.218,0.19,0.185,0.182,0.183
1993631,92,3552,0.218,0.19,0.185,0.182,0.183
1995817,92,5738,0.218,0.191,0.185,0.182,0.182
1998003,92,7924,0.218,0.191,0.185,0.182,0.181
2000189,92,10110,0.218,0.19,0.185,0.182,0.181
2002375,92,12296,0.218,0.191,0.185,0.182,0.182
2004561,92,14482,0.218,0.19,0.185,0.182,0.183
2006747,92,16668,0.218,0.19,0.185,0.182,0.182
2008933,92,18854,0.218,0.191,0.185,0.182,0.181
2011119,92,21040,0.218,0.191,0.185,0.182,0.183
2013305,93,1357,0.218,0.19,0.185,0.182,0.182
2015491,93,3543,0.218,0.19,0.185,0.182,0.182
2017677,93,5729,0.218,0.19,0.184,0.182,0.183
2019863,93,7915,0.218,0.191,0.185,0.182,0.182
2022049,93,10101,0.218,0.19,0.185,0.183,0.184
2024235,93,12287,0.218,0.19,0.184,0.182,0.183
2026421,93,14473,0.218,0.19,0.185,0.182,0.183
2028607,93,16659,0.218,0.19,0.185,0.183,0.183
2030793,93,18845,0.218,0.19,0.185,0.182,0.183
2032979,93,21031,0.218,0.19,0.185,0.182,0.182
2035165,94,1348,0.218,0.191,0.185,0.182,0.183
2037351,94,3534,0.218,0.19,0.185,0.182,0.182
2039537,94,5720,0.218,0.19,0.184,0.182,0.182
2041723,94,7906,0.218,0.19,0.185,0.182,0.181
2043909,94,10092,0.218,0.19,0.184,0.182,0.183
2046095,94,12278,0.218,0.19,0.185,0.182,0.182
2048281,94,14464,0.218,0.19,0.185,0.182,0.182
2050467,94,16650,0.218,0.19,0.185,0.182,0.183
2052653,94,18836,0.218,0.19,0.185,0.182,0.183
2054839,94,21022,0.218,0.19,0.185,0.182,0.182
2057025,95,1339,0.218,0.19,0.185,0.182,0.183
2059211,95,3525,0.218,0.19,0.185,0.182,0.183
2061397,95,5711,0.218,0.19,0.185,0.182,0.183
2063583,95,7897,0.218,0.191,0.185,0.182,0.182
2065769,95,10083,0.218,0.19,0.185,0.182,0.183
2067955,95,12269,0.218,0.19,0.185,0.182,0.183
2070141,95,14455,0.218,0.19,0.184,0.182,0.184
2072327,95,16641,0.218,0.19,0.185,0.182,0.182
2074513,95,18827,0.218,0.19,0.185,0.182,0.182
2076699,95,21013,0.218,0.19,0.185,0.182,0.183
2078885,96,1330,0.218,0.19,0.185,0.182,0.183
2081071,96,3516,0.218,0.19,0.185,0.182,0.183
2083257,96,5702,0.218,0.19,0.185,0.182,0.183
2085443,96,7888,0.218,0.191,0.185,0.182,0.182
2087629,96,10074,0.218,0.19,0.185,0.182,0.182
2089815,96,12260,0.218,0.19,0.185,0.182,0.182
2092001,96,14446,0.218,0.19,0.185,0.182,0.184
2094187,96,16632,0.218,0.19,0.185,0.182,0.183
2096373,96,18818,0.218,0.19,0.185,0.182,0.182
2098559,96,21004,0.218,0.19,0.185,0.182,0.182
2100745,97,1321,0.218,0.19,0.185,0.182,0.183
2102931,97,3507,0.218,0.19,0.185,0.182,0.182
2105117,97,5693,0.218,0.19,0.185,0.182,0.182
2107303,97,7879,0.218,0.191,0.185,0.182,0.182
2109489,97,10065,0.218,0.191,0.185,0.182,0.184
2111675,97,12251,0.218,0.191,0.185,0.182,0.182
2113861,97,14437,0.218,0.19,0.185,0.182,0.182
2116047,97,16623,0.218,0.19,0.185,0.182,0.183
2118233,97,18809,0.218,0.19,0.185,0.182,0.183
2120419,97,20995,0.218,0.19,0.185,0.182,0.182
2122605,98,1312,0.218,0.19,0.185,0.182,0.184
2124791,98,3498,0.218,0.19,0.185,0.182,0.182
2126977,98,5684,0.218,0.19,0.185,0.182,0.183
2129163,98,7870,0.218,0.191,0.185,0.182,0.182
2131349,98,10056,0.218,0.19,0.185,0.182,0.183
2133535,98,12242,0.218,0.19,0.185,0.182,0.183
2135721,98,14428,0.218,0.19,0.185,0.182,0.183
2137907,98,16614,0.218,0.19,0.185,0.182,0.183
2140093,98,18800,0.218,0.19,0.185,0.182,0.183
2142279,98,20986,0.218,0.19,0.185,0.182,0.182
2144465,99,1303,0.218,0.19,0.185,0.182,0.183
2146651,99,3489,0.218,0.19,0.185,0.182,0.182
2148837,99,5675,0.218,0.19,0.185,0.182,0.184
2151023,99,7861,0.218,0.191,0.185,0.182,0.182
2153209,99,10047,0.218,0.19,0.185,0.182,0.184
2155395,99,12233,0.218,0.19,0.185,0.182,0.182
2157581,99,14419,0.218,0.19,0.185,0.182,0.183
2159767,99,16605,0.218,0.19,0.185,0.182,0.183
2161953,99,18791,0.218,0.19,0.185,0.182,0.183
2164139,99,20977,0.218,0.19,0.185,0.182,0.183
2166325,100,1294,0.218,0.19,0.185,0.182,0.183
2168511,100,3480,0.218,0.19,0.184,0.182,0.183
2170697,100,5666,0.218,0.19,0.185,0.182,0.183
2172883,100,7852,0.218,0.191,0.185,0.182,0.182
2175069,100,10038,0.218,0.19,0.185,0.182,0.183
2177255,100,12224,0.218,0.19,0.185,0.182,0.182
2179441,100,14410,0.218,0.19,0.184,0.182,0.183
2181627,100,16596,0.218,0.19,0.185,0.182,0.183
2183813,100,18782,0.218,0.19,0.185,0.182,0.182
2185999,100,20968,0.218,0.19,0.185,0.182,0.182
